Resource,P2P (SFL),Date
Sunflower,0.0010975,2024-12-01 00:00
Potato,0.0019,2024-12-01 00:00
Pumpkin,0.002136,2024-12-01 00:00
Carrot,0.003749,2024-12-01 00:00
Cabbage,0.004,2024-12-01 00:00
Beetroot,0.012658,2024-12-01 00:00
Cauliflower,0.01308656,2024-12-01 00:00
Parsnip,0.0205,2024-12-01 00:00
Radish,0.05,2024-12-01 00:00
Wheat,0.090465,2024-12-01 00:00
Kale,0.0828,2024-12-01 00:00
Apple,0.073,2024-12-01 00:00
Blueberry,0.05054,2024-12-01 00:00
Orange,0.072,2024-12-01 00:00
Eggplant,0.022472,2024-12-01 00:00
Corn,0.04102727,2024-12-01 00:00
Banana,0.0615,2024-12-01 00:00
Soybean,0.005898,2024-12-01 00:00
Grape,0.79164,2024-12-01 00:00
Rice,0.80798333,2024-12-01 00:00
Olive,1.02,2024-12-01 00:00
Tomato,0.01418947,2024-12-01 00:00
Lemon,0.027755,2024-12-01 00:00
Barley,0.11495,2024-12-01 00:00
Wood,0.032139,2024-12-01 00:00
Stone,0.1105,2024-12-01 00:00
Iron,0.5525,2024-12-01 00:00
Gold,1.89,2024-12-01 00:00
Egg,0.0375,2024-12-01 00:00
Honey,0.1798,2024-12-01 00:00
Crimstone,4.2332,2024-12-01 00:00
Leather,0.2299,2024-12-01 00:00
Wool,0.01933333,2024-12-01 00:00
Merino Wool,0.3876,2024-12-01 00:00
Feather,0.008381,2024-12-01 00:00
Milk,0.4233,2024-12-01 00:00
Goblin Emblem,0.096,2024-12-01 00:00
Bumpkin Emblem,0.118,2024-12-01 00:00
Sunflorian Emblem,0.12,2024-12-01 00:00
Nightshade Emblem,0.0825,2024-12-01 00:00
Sunflower,0.00105,2024-12-01 02:00
Potato,0.00179991,2024-12-01 02:00
Pumpkin,0.002,2024-12-01 02:00
Carrot,0.003499,2024-12-01 02:00
Cabbage,0.00399959,2024-12-01 02:00
Beetroot,0.01265482,2024-12-01 02:00
Cauliflower,0.01258,2024-12-01 02:00
Parsnip,0.021248,2024-12-01 02:00
Radish,0.062857,2024-12-01 02:00
Wheat,0.084386,2024-12-01 02:00
Kale,0.08,2024-12-01 02:00
Apple,0.0728,2024-12-01 02:00
Blueberry,0.0512,2024-12-01 02:00
Orange,0.069228,2024-12-01 02:00
Eggplant,0.02245,2024-12-01 02:00
Corn,0.04099942,2024-12-01 02:00
Banana,0.06136,2024-12-01 02:00
Soybean,0.0055,2024-12-01 02:00
Grape,0.78498,2024-12-01 02:00
Rice,0.807,2024-12-01 02:00
Olive,1.02,2024-12-01 02:00
Tomato,0.014282,2024-12-01 02:00
Lemon,0.0268,2024-12-01 02:00
Barley,0.11198387,2024-12-01 02:00
Wood,0.032099,2024-12-01 02:00
Stone,0.10416667,2024-12-01 02:00
Iron,0.53842,2024-12-01 02:00
Gold,1.88996667,2024-12-01 02:00
Egg,0.0375,2024-12-01 02:00
Honey,0.175,2024-12-01 02:00
Crimstone,4.2322,2024-12-01 02:00
Leather,0.2299,2024-12-01 02:00
Wool,0.0194,2024-12-01 02:00
Merino Wool,0.3833,2024-12-01 02:00
Feather,0.00686667,2024-12-01 02:00
Milk,0.3947,2024-12-01 02:00
Goblin Emblem,0.096,2024-12-01 02:00
Bumpkin Emblem,0.118,2024-12-01 02:00
Sunflorian Emblem,0.12,2024-12-01 02:00
Nightshade Emblem,0.0825,2024-12-01 02:00
Sunflower,0.0011,2024-12-01 03:15
Potato,0.0018,2024-12-01 03:15
Pumpkin,0.0019,2024-12-01 03:15
Carrot,0.0036754,2024-12-01 03:15
Cabbage,0.003796,2024-12-01 03:15
Beetroot,0.01265185,2024-12-01 03:15
Cauliflower,0.01298507,2024-12-01 03:15
Parsnip,0.0227722,2024-12-01 03:15
Radish,0.0717,2024-12-01 03:15
Wheat,0.08678,2024-12-01 03:15
Kale,0.07634146,2024-12-01 03:15
Apple,0.072313,2024-12-01 03:15
Blueberry,0.05116,2024-12-01 03:15
Orange,0.069214,2024-12-01 03:15
Eggplant,0.0213328,2024-12-01 03:15
Corn,0.04087,2024-12-01 03:15
Banana,0.06,2024-12-01 03:15
Soybean,0.0058975,2024-12-01 03:15
Grape,0.78494,2024-12-01 03:15
Rice,0.80664857,2024-12-01 03:15
Olive,1.019985,2024-12-01 03:15
Tomato,0.01386,2024-12-01 03:15
Lemon,0.027,2024-12-01 03:15
Barley,0.11196875,2024-12-01 03:15
Wood,0.03214,2024-12-01 03:15
Stone,0.101166,2024-12-01 03:15
Iron,0.545,2024-12-01 03:15
Gold,1.89,2024-12-01 03:15
Egg,0.0375,2024-12-01 03:15
Honey,0.17333333,2024-12-01 03:15
Crimstone,4.2299,2024-12-01 03:15
Leather,0.2299,2024-12-01 03:15
Wool,0.01944,2024-12-01 03:15
Merino Wool,0.38328889,2024-12-01 03:15
Feather,0.0068,2024-12-01 03:15
Milk,0.4225,2024-12-01 03:15
Goblin Emblem,0.096,2024-12-01 03:15
Bumpkin Emblem,0.118,2024-12-01 03:15
Sunflorian Emblem,0.12,2024-12-01 03:15
Nightshade Emblem,0.0825,2024-12-01 03:15
Sunflower,0.0011,2024-12-01 04:00
Potato,0.0018,2024-12-01 04:00
Pumpkin,0.0019,2024-12-01 04:00
Carrot,0.00371333,2024-12-01 04:00
Cabbage,0.00379446,2024-12-01 04:00
Beetroot,0.01265,2024-12-01 04:00
Cauliflower,0.012983,2024-12-01 04:00
Parsnip,0.022772,2024-12-01 04:00
Radish,0.0717,2024-12-01 04:00
Wheat,0.08678298,2024-12-01 04:00
Kale,0.07633077,2024-12-01 04:00
Apple,0.07231,2024-12-01 04:00
Blueberry,0.05116,2024-12-01 04:00
Orange,0.06921,2024-12-01 04:00
Eggplant,0.02133258,2024-12-01 04:00
Corn,0.0406383,2024-12-01 04:00
Banana,0.05813953,2024-12-01 04:00
Soybean,0.0058,2024-12-01 04:00
Grape,0.78488235,2024-12-01 04:00
Rice,0.80664857,2024-12-01 04:00
Olive,1.019985,2024-12-01 04:00
Tomato,0.01373913,2024-12-01 04:00
Lemon,0.027,2024-12-01 04:00
Barley,0.11197294,2024-12-01 04:00
Wood,0.03207703,2024-12-01 04:00
Stone,0.108695,2024-12-01 04:00
Iron,0.55598,2024-12-01 04:00
Gold,1.89,2024-12-01 04:00
Egg,0.03747727,2024-12-01 04:00
Honey,0.17311429,2024-12-01 04:00
Crimstone,4.22944444,2024-12-01 04:00
Leather,0.2299,2024-12-01 04:00
Wool,0.01944,2024-12-01 04:00
Merino Wool,0.379,2024-12-01 04:00
Feather,0.0068,2024-12-01 04:00
Milk,0.422475,2024-12-01 04:00
Goblin Emblem,0.096,2024-12-01 04:00
Bumpkin Emblem,0.118,2024-12-01 04:00
Sunflorian Emblem,0.12,2024-12-01 04:00
Nightshade Emblem,0.0825,2024-12-01 04:00
Sunflower,0.0011,2024-12-01 04:30
Potato,0.0018,2024-12-01 04:30
Pumpkin,0.0019,2024-12-01 04:30
Carrot,0.00371279,2024-12-01 04:30
Cabbage,0.00379369,2024-12-01 04:30
Beetroot,0.01233333,2024-12-01 04:30
Cauliflower,0.0128,2024-12-01 04:30
Parsnip,0.0227665,2024-12-01 04:30
Radish,0.07136463,2024-12-01 04:30
Wheat,0.08620581,2024-12-01 04:30
Kale,0.076324,2024-12-01 04:30
Apple,0.0722,2024-12-01 04:30
Blueberry,0.051135,2024-12-01 04:30
Orange,0.06898,2024-12-01 04:30
Eggplant,0.02132462,2024-12-01 04:30
Corn,0.04063,2024-12-01 04:30
Banana,0.06136,2024-12-01 04:30
Soybean,0.0058,2024-12-01 04:30
Grape,0.78488235,2024-12-01 04:30
Rice,0.80663,2024-12-01 04:30
Olive,1.015,2024-12-01 04:30
Tomato,0.014282,2024-12-01 04:30
Lemon,0.027,2024-12-01 04:30
Barley,0.11197,2024-12-01 04:30
Wood,0.03198444,2024-12-01 04:30
Stone,0.110465,2024-12-01 04:30
Iron,0.558,2024-12-01 04:30
Gold,1.8898,2024-12-01 04:30
Egg,0.0375,2024-12-01 04:30
Honey,0.173,2024-12-01 04:30
Crimstone,4.229,2024-12-01 04:30
Leather,0.2299,2024-12-01 04:30
Wool,0.01943896,2024-12-01 04:30
Merino Wool,0.379,2024-12-01 04:30
Feather,0.00846,2024-12-01 04:30
Milk,0.4233,2024-12-01 04:30
Goblin Emblem,0.096,2024-12-01 04:30
Bumpkin Emblem,0.118,2024-12-01 04:30
Sunflorian Emblem,0.12,2024-12-01 04:30
Nightshade Emblem,0.0825,2024-12-01 04:30
Sunflower,0.0011,2024-12-01 05:00
Potato,0.00189995,2024-12-01 05:00
Pumpkin,0.0019,2024-12-01 05:00
Carrot,0.0037098,2024-12-01 05:00
Cabbage,0.00379368,2024-12-01 05:00
Beetroot,0.01233333,2024-12-01 05:00
Cauliflower,0.0128,2024-12-01 05:00
Parsnip,0.02276505,2024-12-01 05:00
Radish,0.0714,2024-12-01 05:00
Wheat,0.08678,2024-12-01 05:00
Kale,0.07632553,2024-12-01 05:00
Apple,0.0722,2024-12-01 05:00
Blueberry,0.05113443,2024-12-01 05:00
Orange,0.0689,2024-12-01 05:00
Eggplant,0.021323,2024-12-01 05:00
Corn,0.04062941,2024-12-01 05:00
Banana,0.06136,2024-12-01 05:00
Soybean,0.005649,2024-12-01 05:00
Grape,0.7848,2024-12-01 05:00
Rice,0.80663,2024-12-01 05:00
Olive,1.015,2024-12-01 05:00
Tomato,0.01428,2024-12-01 05:00
Lemon,0.026999,2024-12-01 05:00
Barley,0.11196744,2024-12-01 05:00
Wood,0.031984,2024-12-01 05:00
Stone,0.1105,2024-12-01 05:00
Iron,0.558,2024-12-01 05:00
Gold,1.88666667,2024-12-01 05:00
Egg,0.0375,2024-12-01 05:00
Honey,0.173,2024-12-01 05:00
Crimstone,4.229,2024-12-01 05:00
Leather,0.2299,2024-12-01 05:00
Wool,0.01944,2024-12-01 05:00
Merino Wool,0.379,2024-12-01 05:00
Feather,0.00846,2024-12-01 05:00
Milk,0.4232,2024-12-01 05:00
Goblin Emblem,0.096,2024-12-01 05:00
Bumpkin Emblem,0.118,2024-12-01 05:00
Sunflorian Emblem,0.12,2024-12-01 05:00
Nightshade Emblem,0.0825,2024-12-01 05:00
Sunflower,0.0011,2024-12-01 05:15
Potato,0.00189975,2024-12-01 05:15
Pumpkin,0.0019,2024-12-01 05:15
Carrot,0.0037098,2024-12-01 05:15
Cabbage,0.0037936,2024-12-01 05:15
Beetroot,0.01264975,2024-12-01 05:15
Cauliflower,0.0128,2024-12-01 05:15
Parsnip,0.022756,2024-12-01 05:15
Radish,0.07164857,2024-12-01 05:15
Wheat,0.083999,2024-12-01 05:15
Kale,0.07632105,2024-12-01 05:15
Apple,0.0722,2024-12-01 05:15
Blueberry,0.05111667,2024-12-01 05:15
Orange,0.06889667,2024-12-01 05:15
Eggplant,0.02132333,2024-12-01 05:15
Corn,0.04063,2024-12-01 05:15
Banana,0.06,2024-12-01 05:15
Soybean,0.00564972,2024-12-01 05:15
Grape,0.77,2024-12-01 05:15
Rice,0.80663,2024-12-01 05:15
Olive,1.015,2024-12-01 05:15
Tomato,0.01428,2024-12-01 05:15
Lemon,0.02699857,2024-12-01 05:15
Barley,0.11197209,2024-12-01 05:15
Wood,0.031984,2024-12-01 05:15
Stone,0.1075,2024-12-01 05:15
Iron,0.5574,2024-12-01 05:15
Gold,1.88664,2024-12-01 05:15
Egg,0.037,2024-12-01 05:15
Honey,0.17283333,2024-12-01 05:15
Crimstone,4.22,2024-12-01 05:15
Leather,0.2299,2024-12-01 05:15
Wool,0.01943913,2024-12-01 05:15
Merino Wool,0.37897778,2024-12-01 05:15
Feather,0.0084,2024-12-01 05:15
Milk,0.42317273,2024-12-01 05:15
Goblin Emblem,0.096,2024-12-01 05:15
Bumpkin Emblem,0.118,2024-12-01 05:15
Sunflorian Emblem,0.12,2024-12-01 05:15
Nightshade Emblem,0.0825,2024-12-01 05:15
Sunflower,0.0010998,2024-12-01 05:45
Potato,0.00189975,2024-12-01 05:45
Pumpkin,0.0019,2024-12-01 05:45
Carrot,0.0037098,2024-12-01 05:45
Cabbage,0.0037935,2024-12-01 05:45
Beetroot,0.01264975,2024-12-01 05:45
Cauliflower,0.012543,2024-12-01 05:45
Parsnip,0.022755,2024-12-01 05:45
Radish,0.07163913,2024-12-01 05:45
Wheat,0.083,2024-12-01 05:45
Kale,0.07631927,2024-12-01 05:45
Apple,0.06923077,2024-12-01 05:45
Blueberry,0.05111667,2024-12-01 05:45
Orange,0.0688,2024-12-01 05:45
Eggplant,0.021321,2024-12-01 05:45
Corn,0.0405,2024-12-01 05:45
Banana,0.06,2024-12-01 05:45
Soybean,0.00564945,2024-12-01 05:45
Grape,0.77,2024-12-01 05:45
Rice,0.80142,2024-12-01 05:45
Olive,1.015,2024-12-01 05:45
Tomato,0.01427727,2024-12-01 05:45
Lemon,0.02693133,2024-12-01 05:45
Barley,0.1119625,2024-12-01 05:45
Wood,0.0318468,2024-12-01 05:45
Stone,0.107756,2024-12-01 05:45
Iron,0.5574,2024-12-01 05:45
Gold,1.88635714,2024-12-01 05:45
Egg,0.037,2024-12-01 05:45
Honey,0.1728125,2024-12-01 05:45
Crimstone,4.2,2024-12-01 05:45
Leather,0.2299,2024-12-01 05:45
Wool,0.01943913,2024-12-01 05:45
Merino Wool,0.37896,2024-12-01 05:45
Feather,0.0084,2024-12-01 05:45
Milk,0.42316,2024-12-01 05:45
Goblin Emblem,0.096,2024-12-01 05:45
Bumpkin Emblem,0.118,2024-12-01 05:45
Sunflorian Emblem,0.12,2024-12-01 05:45
Nightshade Emblem,0.0825,2024-12-01 05:45
Sunflower,0.0011,2024-12-01 06:00
Potato,0.0017,2024-12-01 06:00
Pumpkin,0.0019,2024-12-01 06:00
Carrot,0.0037098,2024-12-01 06:00
Cabbage,0.00379345,2024-12-01 06:00
Beetroot,0.012645,2024-12-01 06:00
Cauliflower,0.01302,2024-12-01 06:00
Parsnip,0.021,2024-12-01 06:00
Radish,0.071628,2024-12-01 06:00
Wheat,0.08199667,2024-12-01 06:00
Kale,0.07631818,2024-12-01 06:00
Apple,0.06923077,2024-12-01 06:00
Blueberry,0.051107,2024-12-01 06:00
Orange,0.06206897,2024-12-01 06:00
Eggplant,0.021321,2024-12-01 06:00
Corn,0.0405,2024-12-01 06:00
Banana,0.0599,2024-12-01 06:00
Soybean,0.00564643,2024-12-01 06:00
Grape,0.75,2024-12-01 06:00
Rice,0.80663,2024-12-01 06:00
Olive,1.015,2024-12-01 06:00
Tomato,0.01427625,2024-12-01 06:00
Lemon,0.026931,2024-12-01 06:00
Barley,0.11,2024-12-01 06:00
Wood,0.0318,2024-12-01 06:00
Stone,0.107,2024-12-01 06:00
Iron,0.55799,2024-12-01 06:00
Gold,1.88634286,2024-12-01 06:00
Egg,0.039,2024-12-01 06:00
Honey,0.175,2024-12-01 06:00
Crimstone,4.16366667,2024-12-01 06:00
Leather,0.2299,2024-12-01 06:00
Wool,0.01944,2024-12-01 06:00
Merino Wool,0.37896,2024-12-01 06:00
Feather,0.0084,2024-12-01 06:00
Milk,0.42317,2024-12-01 06:00
Goblin Emblem,0.096,2024-12-01 06:00
Bumpkin Emblem,0.118,2024-12-01 06:00
Sunflorian Emblem,0.12,2024-12-01 06:00
Nightshade Emblem,0.0825,2024-12-01 06:00
Sunflower,0.0011,2024-12-01 06:30
Potato,0.001999,2024-12-01 06:30
Pumpkin,0.0019,2024-12-01 06:30
Carrot,0.00370963,2024-12-01 06:30
Cabbage,0.00373331,2024-12-01 06:30
Beetroot,0.0126494,2024-12-01 06:30
Cauliflower,0.01301881,2024-12-01 06:30
Parsnip,0.02275429,2024-12-01 06:30
Radish,0.071611,2024-12-01 06:30
Wheat,0.08499,2024-12-01 06:30
Kale,0.076319,2024-12-01 06:30
Apple,0.07231,2024-12-01 06:30
Blueberry,0.0511,2024-12-01 06:30
Orange,0.068885,2024-12-01 06:30
Eggplant,0.021318,2024-12-01 06:30
Corn,0.04049783,2024-12-01 06:30
Banana,0.06,2024-12-01 06:30
Soybean,0.00564619,2024-12-01 06:30
Grape,0.7699,2024-12-01 06:30
Rice,0.80663,2024-12-01 06:30
Olive,1.014,2024-12-01 06:30
Tomato,0.01426,2024-12-01 06:30
Lemon,0.026931,2024-12-01 06:30
Barley,0.10997551,2024-12-01 06:30
Wood,0.031982,2024-12-01 06:30
Stone,0.111,2024-12-01 06:30
Iron,0.55798889,2024-12-01 06:30
Gold,1.88665,2024-12-01 06:30
Egg,0.03899889,2024-12-01 06:30
Honey,0.16665938,2024-12-01 06:30
Crimstone,4.1636,2024-12-01 06:30
Leather,0.2299,2024-12-01 06:30
Wool,0.01941667,2024-12-01 06:30
Merino Wool,0.37893333,2024-12-01 06:30
Feather,0.00833333,2024-12-01 06:30
Milk,0.42317,2024-12-01 06:30
Goblin Emblem,0.096,2024-12-01 06:30
Bumpkin Emblem,0.118,2024-12-01 06:30
Sunflorian Emblem,0.12,2024-12-01 06:30
Nightshade Emblem,0.0825,2024-12-01 06:30
Sunflower,0.0011,2024-12-01 07:00
Potato,0.001999,2024-12-01 07:00
Pumpkin,0.0019,2024-12-01 07:00
Carrot,0.003708,2024-12-01 07:00
Cabbage,0.00373325,2024-12-01 07:00
Beetroot,0.01264925,2024-12-01 07:00
Cauliflower,0.013018,2024-12-01 07:00
Parsnip,0.0227665,2024-12-01 07:00
Radish,0.071599,2024-12-01 07:00
Wheat,0.08556701,2024-12-01 07:00
Kale,0.07333333,2024-12-01 07:00
Apple,0.07199667,2024-12-01 07:00
Blueberry,0.05108,2024-12-01 07:00
Orange,0.068885,2024-12-01 07:00
Eggplant,0.02,2024-12-01 07:00
Corn,0.0404975,2024-12-01 07:00
Banana,0.06,2024-12-01 07:00
Soybean,0.00564633,2024-12-01 07:00
Grape,0.7699,2024-12-01 07:00
Rice,0.80663,2024-12-01 07:00
Olive,1.014,2024-12-01 07:00
Tomato,0.01426,2024-12-01 07:00
Lemon,0.02692982,2024-12-01 07:00
Barley,0.10989643,2024-12-01 07:00
Wood,0.031848,2024-12-01 07:00
Stone,0.1108475,2024-12-01 07:00
Iron,0.55792857,2024-12-01 07:00
Gold,1.8898,2024-12-01 07:00
Egg,0.03898621,2024-12-01 07:00
Honey,0.16665938,2024-12-01 07:00
Crimstone,4.1635,2024-12-01 07:00
Leather,0.2299,2024-12-01 07:00
Wool,0.01941667,2024-12-01 07:00
Merino Wool,0.37892727,2024-12-01 07:00
Feather,0.00833,2024-12-01 07:00
Milk,0.42317,2024-12-01 07:00
Goblin Emblem,0.096,2024-12-01 07:00
Bumpkin Emblem,0.118,2024-12-01 07:00
Sunflorian Emblem,0.12,2024-12-01 07:00
Nightshade Emblem,0.0825,2024-12-01 07:00
Sunflower,0.0011,2024-12-01 07:15
Potato,0.001999,2024-12-01 07:15
Pumpkin,0.0019,2024-12-01 07:15
Carrot,0.003708,2024-12-01 07:15
Cabbage,0.00373325,2024-12-01 07:15
Beetroot,0.01264908,2024-12-01 07:15
Cauliflower,0.013018,2024-12-01 07:15
Parsnip,0.0225,2024-12-01 07:15
Radish,0.071604,2024-12-01 07:15
Wheat,0.08664941,2024-12-01 07:15
Kale,0.06974342,2024-12-01 07:15
Apple,0.07198667,2024-12-01 07:15
Blueberry,0.05106,2024-12-01 07:15
Orange,0.06888,2024-12-01 07:15
Eggplant,0.02,2024-12-01 07:15
Corn,0.0404,2024-12-01 07:15
Banana,0.05986667,2024-12-01 07:15
Soybean,0.00564625,2024-12-01 07:15
Grape,0.7699,2024-12-01 07:15
Rice,0.80663,2024-12-01 07:15
Olive,1.015,2024-12-01 07:15
Tomato,0.0142587,2024-12-01 07:15
Lemon,0.02692982,2024-12-01 07:15
Barley,0.10988462,2024-12-01 07:15
Wood,0.031848,2024-12-01 07:15
Stone,0.110845,2024-12-01 07:15
Iron,0.557908,2024-12-01 07:15
Gold,1.8898,2024-12-01 07:15
Egg,0.038996,2024-12-01 07:15
Honey,0.175,2024-12-01 07:15
Crimstone,4.16348889,2024-12-01 07:15
Leather,0.2299,2024-12-01 07:15
Wool,0.01941667,2024-12-01 07:15
Merino Wool,0.3789,2024-12-01 07:15
Feather,0.008329,2024-12-01 07:15
Milk,0.42317,2024-12-01 07:15
Goblin Emblem,0.096,2024-12-01 07:15
Bumpkin Emblem,0.118,2024-12-01 07:15
Sunflorian Emblem,0.12,2024-12-01 07:15
Nightshade Emblem,0.0825,2024-12-01 07:15
Sunflower,0.0011,2024-12-01 07:45
Potato,0.001999,2024-12-01 07:45
Pumpkin,0.0019,2024-12-01 07:45
Carrot,0.003708,2024-12-01 07:45
Cabbage,0.003733,2024-12-01 07:45
Beetroot,0.01264932,2024-12-01 07:45
Cauliflower,0.013018,2024-12-01 07:45
Parsnip,0.0227,2024-12-01 07:45
Radish,0.07160167,2024-12-01 07:45
Wheat,0.086662,2024-12-01 07:45
Kale,0.0683604,2024-12-01 07:45
Apple,0.07197778,2024-12-01 07:45
Blueberry,0.05106,2024-12-01 07:45
Orange,0.06887143,2024-12-01 07:45
Eggplant,0.02,2024-12-01 07:45
Corn,0.0404,2024-12-01 07:45
Banana,0.0596,2024-12-01 07:45
Soybean,0.00575667,2024-12-01 07:45
Grape,0.78477778,2024-12-01 07:45
Rice,0.80663,2024-12-01 07:45
Olive,1.015,2024-12-01 07:45
Tomato,0.01424286,2024-12-01 07:45
Lemon,0.02642,2024-12-01 07:45
Barley,0.10988462,2024-12-01 07:45
Wood,0.0318,2024-12-01 07:45
Stone,0.110845,2024-12-01 07:45
Iron,0.55793333,2024-12-01 07:45
Gold,1.8898,2024-12-01 07:45
Egg,0.0389978,2024-12-01 07:45
Honey,0.175,2024-12-01 07:45
Crimstone,4.16348,2024-12-01 07:45
Leather,0.22988889,2024-12-01 07:45
Wool,0.01941667,2024-12-01 07:45
Merino Wool,0.375,2024-12-01 07:45
Feather,0.008,2024-12-01 07:45
Milk,0.42316667,2024-12-01 07:45
Goblin Emblem,0.096,2024-12-01 07:45
Bumpkin Emblem,0.118,2024-12-01 07:45
Sunflorian Emblem,0.12,2024-12-01 07:45
Nightshade Emblem,0.0825,2024-12-01 07:45
Sunflower,0.0011,2024-12-01 08:00
Potato,0.001999,2024-12-01 08:00
Pumpkin,0.00189995,2024-12-01 08:00
Carrot,0.0037,2024-12-01 08:00
Cabbage,0.00373325,2024-12-01 08:00
Beetroot,0.01264932,2024-12-01 08:00
Cauliflower,0.013018,2024-12-01 08:00
Parsnip,0.02258621,2024-12-01 08:00
Radish,0.07158,2024-12-01 08:00
Wheat,0.08677975,2024-12-01 08:00
Kale,0.06835729,2024-12-01 08:00
Apple,0.07197778,2024-12-01 08:00
Blueberry,0.05106,2024-12-01 08:00
Orange,0.06888,2024-12-01 08:00
Eggplant,0.02,2024-12-01 08:00
Corn,0.0404,2024-12-01 08:00
Banana,0.0596,2024-12-01 08:00
Soybean,0.00575667,2024-12-01 08:00
Grape,0.78454545,2024-12-01 08:00
Rice,0.80666667,2024-12-01 08:00
Olive,1.0148,2024-12-01 08:00
Tomato,0.014242,2024-12-01 08:00
Lemon,0.02642,2024-12-01 08:00
Barley,0.109976,2024-12-01 08:00
Wood,0.031982,2024-12-01 08:00
Stone,0.11109744,2024-12-01 08:00
Iron,0.55792,2024-12-01 08:00
Gold,1.8896,2024-12-01 08:00
Egg,0.03899667,2024-12-01 08:00
Honey,0.174,2024-12-01 08:00
Crimstone,4.16348,2024-12-01 08:00
Leather,0.22988889,2024-12-01 08:00
Wool,0.01941667,2024-12-01 08:00
Merino Wool,0.37888462,2024-12-01 08:00
Feather,0.008,2024-12-01 08:00
Milk,0.423,2024-12-01 08:00
Goblin Emblem,0.096,2024-12-01 08:00
Bumpkin Emblem,0.118,2024-12-01 08:00
Sunflorian Emblem,0.12,2024-12-01 08:00
Nightshade Emblem,0.0825,2024-12-01 08:00
Sunflower,0.0011,2024-12-01 08:30
Potato,0.001999,2024-12-01 08:30
Pumpkin,0.00189995,2024-12-01 08:30
Carrot,0.0037,2024-12-01 08:30
Cabbage,0.00373327,2024-12-01 08:30
Beetroot,0.012656,2024-12-01 08:30
Cauliflower,0.013018,2024-12-01 08:30
Parsnip,0.0225,2024-12-01 08:30
Radish,0.07157333,2024-12-01 08:30
Wheat,0.08678,2024-12-01 08:30
Kale,0.0683604,2024-12-01 08:30
Apple,0.07196857,2024-12-01 08:30
Blueberry,0.0511,2024-12-01 08:30
Orange,0.068996,2024-12-01 08:30
Eggplant,0.021316,2024-12-01 08:30
Corn,0.04039583,2024-12-01 08:30
Banana,0.06,2024-12-01 08:30
Soybean,0.005799,2024-12-01 08:30
Grape,0.78,2024-12-01 08:30
Rice,0.80664,2024-12-01 08:30
Olive,1.0148,2024-12-01 08:30
Tomato,0.01424144,2024-12-01 08:30
Lemon,0.02691,2024-12-01 08:30
Barley,0.10999868,2024-12-01 08:30
Wood,0.03192857,2024-12-01 08:30
Stone,0.1115,2024-12-01 08:30
Iron,0.55791429,2024-12-01 08:30
Gold,1.88,2024-12-01 08:30
Egg,0.03899,2024-12-01 08:30
Honey,0.174,2024-12-01 08:30
Crimstone,4.134,2024-12-01 08:30
Leather,0.22988519,2024-12-01 08:30
Wool,0.01944,2024-12-01 08:30
Merino Wool,0.34374,2024-12-01 08:30
Feather,0.008029,2024-12-01 08:30
Milk,0.423,2024-12-01 08:30
Goblin Emblem,0.096,2024-12-01 08:30
Bumpkin Emblem,0.118,2024-12-01 08:30
Sunflorian Emblem,0.12,2024-12-01 08:30
Nightshade Emblem,0.0825,2024-12-01 08:30
Sunflower,0.0011,2024-12-01 08:45
Potato,0.00215,2024-12-01 08:45
Pumpkin,0.002146,2024-12-01 08:45
Carrot,0.0037,2024-12-01 08:45
Cabbage,0.003793,2024-12-01 08:45
Beetroot,0.012656,2024-12-01 08:45
Cauliflower,0.013018,2024-12-01 08:45
Parsnip,0.022499,2024-12-01 08:45
Radish,0.06999792,2024-12-01 08:45
Wheat,0.08499853,2024-12-01 08:45
Kale,0.0683604,2024-12-01 08:45
Apple,0.06796117,2024-12-01 08:45
Blueberry,0.0511,2024-12-01 08:45
Orange,0.06899926,2024-12-01 08:45
Eggplant,0.021316,2024-12-01 08:45
Corn,0.040389,2024-12-01 08:45
Banana,0.0575,2024-12-01 08:45
Soybean,0.00579516,2024-12-01 08:45
Grape,0.78454,2024-12-01 08:45
Rice,0.80666667,2024-12-01 08:45
Olive,1.0148,2024-12-01 08:45
Tomato,0.0125,2024-12-01 08:45
Lemon,0.0264,2024-12-01 08:45
Barley,0.10998182,2024-12-01 08:45
Wood,0.0319,2024-12-01 08:45
Stone,0.11146667,2024-12-01 08:45
Iron,0.5579125,2024-12-01 08:45
Gold,1.85333333,2024-12-01 08:45
Egg,0.0390554,2024-12-01 08:45
Honey,0.174,2024-12-01 08:45
Crimstone,4.134,2024-12-01 08:45
Leather,0.22988519,2024-12-01 08:45
Wool,0.01944,2024-12-01 08:45
Merino Wool,0.343725,2024-12-01 08:45
Feather,0.008029,2024-12-01 08:45
Milk,0.423,2024-12-01 08:45
Goblin Emblem,0.096,2024-12-01 08:45
Bumpkin Emblem,0.118,2024-12-01 08:45
Sunflorian Emblem,0.12,2024-12-01 08:45
Nightshade Emblem,0.0825,2024-12-01 08:45
Sunflower,0.00109995,2024-12-01 09:00
Potato,0.0021,2024-12-01 09:00
Pumpkin,0.002146,2024-12-01 09:00
Carrot,0.00365,2024-12-01 09:00
Cabbage,0.00379345,2024-12-01 09:00
Beetroot,0.0125,2024-12-01 09:00
Cauliflower,0.013018,2024-12-01 09:00
Parsnip,0.022495,2024-12-01 09:00
Radish,0.0689,2024-12-01 09:00
Wheat,0.0824439,2024-12-01 09:00
Kale,0.0683604,2024-12-01 09:00
Apple,0.06793889,2024-12-01 09:00
Blueberry,0.0511,2024-12-01 09:00
Orange,0.06898182,2024-12-01 09:00
Eggplant,0.02126,2024-12-01 09:00
Corn,0.040389,2024-12-01 09:00
Banana,0.06,2024-12-01 09:00
Soybean,0.005666,2024-12-01 09:00
Grape,0.78454545,2024-12-01 09:00
Rice,0.80666667,2024-12-01 09:00
Olive,0.97647059,2024-12-01 09:00
Tomato,0.0125,2024-12-01 09:00
Lemon,0.02639841,2024-12-01 09:00
Barley,0.10995,2024-12-01 09:00
Wood,0.03207775,2024-12-01 09:00
Stone,0.111465,2024-12-01 09:00
Iron,0.55799,2024-12-01 09:00
Gold,1.85331667,2024-12-01 09:00
Egg,0.039055,2024-12-01 09:00
Honey,0.174,2024-12-01 09:00
Crimstone,4.0909,2024-12-01 09:00
Leather,0.22988519,2024-12-01 09:00
Wool,0.01944,2024-12-01 09:00
Merino Wool,0.343725,2024-12-01 09:00
Feather,0.008029,2024-12-01 09:00
Milk,0.423,2024-12-01 09:00
Goblin Emblem,0.096,2024-12-01 09:00
Bumpkin Emblem,0.118,2024-12-01 09:00
Sunflorian Emblem,0.12,2024-12-01 09:00
Nightshade Emblem,0.0825,2024-12-01 09:00
Sunflower,0.001,2024-12-01 09:30
Potato,0.0021,2024-12-01 09:30
Pumpkin,0.002146,2024-12-01 09:30
Carrot,0.0037125,2024-12-01 09:30
Cabbage,0.00379345,2024-12-01 09:30
Beetroot,0.01157025,2024-12-01 09:30
Cauliflower,0.013,2024-12-01 09:30
Parsnip,0.02247975,2024-12-01 09:30
Radish,0.068898,2024-12-01 09:30
Wheat,0.08499333,2024-12-01 09:30
Kale,0.07,2024-12-01 09:30
Apple,0.0719,2024-12-01 09:30
Blueberry,0.0511,2024-12-01 09:30
Orange,0.0689,2024-12-01 09:30
Eggplant,0.021258,2024-12-01 09:30
Corn,0.0401,2024-12-01 09:30
Banana,0.06134,2024-12-01 09:30
Soybean,0.005663,2024-12-01 09:30
Grape,0.7845,2024-12-01 09:30
Rice,0.80666667,2024-12-01 09:30
Olive,1.0148,2024-12-01 09:30
Tomato,0.01424,2024-12-01 09:30
Lemon,0.02639,2024-12-01 09:30
Barley,0.1125,2024-12-01 09:30
Wood,0.03214808,2024-12-01 09:30
Stone,0.10666633,2024-12-01 09:30
Iron,0.53333158,2024-12-01 09:30
Gold,1.85198,2024-12-01 09:30
Egg,0.0390554,2024-12-01 09:30
Honey,0.1741,2024-12-01 09:30
Crimstone,4.0909,2024-12-01 09:30
Leather,0.22988519,2024-12-01 09:30
Wool,0.01944,2024-12-01 09:30
Merino Wool,0.34371667,2024-12-01 09:30
Feather,0.00666667,2024-12-01 09:30
Milk,0.423,2024-12-01 09:30
Goblin Emblem,0.096,2024-12-01 09:30
Bumpkin Emblem,0.118,2024-12-01 09:30
Sunflorian Emblem,0.12,2024-12-01 09:30
Nightshade Emblem,0.0825,2024-12-01 09:30
Sunflower,0.001095,2024-12-01 09:45
Potato,0.0020199,2024-12-01 09:45
Pumpkin,0.002146,2024-12-01 09:45
Carrot,0.00372,2024-12-01 09:45
Cabbage,0.00379225,2024-12-01 09:45
Beetroot,0.01033058,2024-12-01 09:45
Cauliflower,0.013,2024-12-01 09:45
Parsnip,0.0224795,2024-12-01 09:45
Radish,0.068,2024-12-01 09:45
Wheat,0.08466667,2024-12-01 09:45
Kale,0.076317,2024-12-01 09:45
Apple,0.07188,2024-12-01 09:45
Blueberry,0.049,2024-12-01 09:45
Orange,0.06889444,2024-12-01 09:45
Eggplant,0.0212575,2024-12-01 09:45
Corn,0.0403933,2024-12-01 09:45
Banana,0.06132,2024-12-01 09:45
Soybean,0.005663,2024-12-01 09:45
Grape,0.78445,2024-12-01 09:45
Rice,0.807,2024-12-01 09:45
Olive,1.0148,2024-12-01 09:45
Tomato,0.01423919,2024-12-01 09:45
Lemon,0.02633333,2024-12-01 09:45
Barley,0.1125,2024-12-01 09:45
Wood,0.0321488,2024-12-01 09:45
Stone,0.105,2024-12-01 09:45
Iron,0.53333158,2024-12-01 09:45
Gold,1.85193333,2024-12-01 09:45
Egg,0.0384106,2024-12-01 09:45
Honey,0.1741,2024-12-01 09:45
Crimstone,4.16348,2024-12-01 09:45
Leather,0.22988519,2024-12-01 09:45
Wool,0.01944,2024-12-01 09:45
Merino Wool,0.34368,2024-12-01 09:45
Feather,0.0065,2024-12-01 09:45
Milk,0.423,2024-12-01 09:45
Goblin Emblem,0.096,2024-12-01 09:45
Bumpkin Emblem,0.118,2024-12-01 09:45
Sunflorian Emblem,0.12,2024-12-01 09:45
Nightshade Emblem,0.0825,2024-12-01 09:45
Sunflower,0.001095,2024-12-01 10:00
Potato,0.002015,2024-12-01 10:00
Pumpkin,0.002146,2024-12-01 10:00
Carrot,0.00372,2024-12-01 10:00
Cabbage,0.00379225,2024-12-01 10:00
Beetroot,0.01253429,2024-12-01 10:00
Cauliflower,0.013,2024-12-01 10:00
Parsnip,0.02247491,2024-12-01 10:00
Radish,0.068898,2024-12-01 10:00
Wheat,0.085,2024-12-01 10:00
Kale,0.076317,2024-12-01 10:00
Apple,0.07116,2024-12-01 10:00
Blueberry,0.04995,2024-12-01 10:00
Orange,0.06898,2024-12-01 10:00
Eggplant,0.0223245,2024-12-01 10:00
Corn,0.04027766,2024-12-01 10:00
Banana,0.061295,2024-12-01 10:00
Soybean,0.005663,2024-12-01 10:00
Grape,0.78445,2024-12-01 10:00
Rice,0.80695652,2024-12-01 10:00
Olive,1.0148,2024-12-01 10:00
Tomato,0.01333333,2024-12-01 10:00
Lemon,0.02633333,2024-12-01 10:00
Barley,0.11249,2024-12-01 10:00
Wood,0.0322,2024-12-01 10:00
Stone,0.105,2024-12-01 10:00
Iron,0.53333,2024-12-01 10:00
Gold,1.85192,2024-12-01 10:00
Egg,0.038,2024-12-01 10:00
Honey,0.1741,2024-12-01 10:00
Crimstone,4.1634,2024-12-01 10:00
Leather,0.22856522,2024-12-01 10:00
Wool,0.01944,2024-12-01 10:00
Merino Wool,0.34366667,2024-12-01 10:00
Feather,0.0065,2024-12-01 10:00
Milk,0.423,2024-12-01 10:00
Goblin Emblem,0.096,2024-12-01 10:00
Bumpkin Emblem,0.118,2024-12-01 10:00
Sunflorian Emblem,0.12,2024-12-01 10:00
Nightshade Emblem,0.0825,2024-12-01 10:00
Sunflower,0.0010945,2024-12-01 10:30
Potato,0.0020145,2024-12-01 10:30
Pumpkin,0.002146,2024-12-01 10:30
Carrot,0.003719,2024-12-01 10:30
Cabbage,0.003792,2024-12-01 10:30
Beetroot,0.012534,2024-12-01 10:30
Cauliflower,0.0125,2024-12-01 10:30
Parsnip,0.022466,2024-12-01 10:30
Radish,0.06916667,2024-12-01 10:30
Wheat,0.08498,2024-12-01 10:30
Kale,0.07631489,2024-12-01 10:30
Apple,0.06999818,2024-12-01 10:30
Blueberry,0.04995,2024-12-01 10:30
Orange,0.06899744,2024-12-01 10:30
Eggplant,0.0223,2024-12-01 10:30
Corn,0.040274,2024-12-01 10:30
Banana,0.061345,2024-12-01 10:30
Soybean,0.0058,2024-12-01 10:30
Grape,0.78444,2024-12-01 10:30
Rice,0.8,2024-12-01 10:30
Olive,1.00571,2024-12-01 10:30
Tomato,0.012,2024-12-01 10:30
Lemon,0.02632,2024-12-01 10:30
Barley,0.11010667,2024-12-01 10:30
Wood,0.0321934,2024-12-01 10:30
Stone,0.11133077,2024-12-01 10:30
Iron,0.53333158,2024-12-01 10:30
Gold,1.85192,2024-12-01 10:30
Egg,0.038,2024-12-01 10:30
Honey,0.174,2024-12-01 10:30
Crimstone,4.16348,2024-12-01 10:30
Leather,0.22856522,2024-12-01 10:30
Wool,0.01943704,2024-12-01 10:30
Merino Wool,0.3436,2024-12-01 10:30
Feather,0.0065,2024-12-01 10:30
Milk,0.4231,2024-12-01 10:30
Goblin Emblem,0.096,2024-12-01 10:30
Bumpkin Emblem,0.118,2024-12-01 10:30
Sunflorian Emblem,0.12,2024-12-01 10:30
Nightshade Emblem,0.0825,2024-12-01 10:30
Sunflower,0.001,2024-12-01 10:45
Potato,0.002,2024-12-01 10:45
Pumpkin,0.00214533,2024-12-01 10:45
Carrot,0.0037,2024-12-01 10:45
Cabbage,0.003792,2024-12-01 10:45
Beetroot,0.012534,2024-12-01 10:45
Cauliflower,0.0125,2024-12-01 10:45
Parsnip,0.022465,2024-12-01 10:45
Radish,0.0699995,2024-12-01 10:45
Wheat,0.0888881,2024-12-01 10:45
Kale,0.07630588,2024-12-01 10:45
Apple,0.06999,2024-12-01 10:45
Blueberry,0.04995,2024-12-01 10:45
Orange,0.06899926,2024-12-01 10:45
Eggplant,0.0223,2024-12-01 10:45
Corn,0.040275,2024-12-01 10:45
Banana,0.06133846,2024-12-01 10:45
Soybean,0.0058,2024-12-01 10:45
Grape,0.78444,2024-12-01 10:45
Rice,0.8,2024-12-01 10:45
Olive,1.00571,2024-12-01 10:45
Tomato,0.012,2024-12-01 10:45
Lemon,0.02632,2024-12-01 10:45
Barley,0.11009767,2024-12-01 10:45
Wood,0.03219296,2024-12-01 10:45
Stone,0.1108,2024-12-01 10:45
Iron,0.55454545,2024-12-01 10:45
Gold,1.84,2024-12-01 10:45
Egg,0.038,2024-12-01 10:45
Honey,0.174,2024-12-01 10:45
Crimstone,4.1745,2024-12-01 10:45
Leather,0.22856522,2024-12-01 10:45
Wool,0.01944,2024-12-01 10:45
Merino Wool,0.3436,2024-12-01 10:45
Feather,0.00625,2024-12-01 10:45
Milk,0.4231,2024-12-01 10:45
Goblin Emblem,0.096,2024-12-01 10:45
Bumpkin Emblem,0.118,2024-12-01 10:45
Sunflorian Emblem,0.12,2024-12-01 10:45
Nightshade Emblem,0.0825,2024-12-01 10:45
Sunflower,0.001,2024-12-01 11:00
Potato,0.002,2024-12-01 11:00
Pumpkin,0.00214533,2024-12-01 11:00
Carrot,0.0037,2024-12-01 11:00
Cabbage,0.00379225,2024-12-01 11:00
Beetroot,0.01252688,2024-12-01 11:00
Cauliflower,0.0125,2024-12-01 11:00
Parsnip,0.022465,2024-12-01 11:00
Radish,0.0715764,2024-12-01 11:00
Wheat,0.088886,2024-12-01 11:00
Kale,0.07630588,2024-12-01 11:00
Apple,0.06999752,2024-12-01 11:00
Blueberry,0.04994933,2024-12-01 11:00
Orange,0.065,2024-12-01 11:00
Eggplant,0.023,2024-12-01 11:00
Corn,0.04018692,2024-12-01 11:00
Banana,0.061328,2024-12-01 11:00
Soybean,0.0057947,2024-12-01 11:00
Grape,0.7844,2024-12-01 11:00
Rice,0.8,2024-12-01 11:00
Olive,1.00571,2024-12-01 11:00
Tomato,0.01199967,2024-12-01 11:00
Lemon,0.02632,2024-12-01 11:00
Barley,0.11008,2024-12-01 11:00
Wood,0.032195,2024-12-01 11:00
Stone,0.11133,2024-12-01 11:00
Iron,0.55796,2024-12-01 11:00
Gold,1.8519,2024-12-01 11:00
Egg,0.0384,2024-12-01 11:00
Honey,0.1726,2024-12-01 11:00
Crimstone,4.15,2024-12-01 11:00
Leather,0.22856522,2024-12-01 11:00
Wool,0.01944,2024-12-01 11:00
Merino Wool,0.3436,2024-12-01 11:00
Feather,0.00625,2024-12-01 11:00
Milk,0.4231,2024-12-01 11:00
Goblin Emblem,0.096,2024-12-01 11:00
Bumpkin Emblem,0.118,2024-12-01 11:00
Sunflorian Emblem,0.12,2024-12-01 11:00
Nightshade Emblem,0.0825,2024-12-01 11:00
Sunflower,0.0011,2024-12-01 11:15
Potato,0.002,2024-12-01 11:15
Pumpkin,0.00214085,2024-12-01 11:15
Carrot,0.00372,2024-12-01 11:15
Cabbage,0.00379189,2024-12-01 11:15
Beetroot,0.0125342,2024-12-01 11:15
Cauliflower,0.0124,2024-12-01 11:15
Parsnip,0.021518,2024-12-01 11:15
Radish,0.07157923,2024-12-01 11:15
Wheat,0.0888,2024-12-01 11:15
Kale,0.07620603,2024-12-01 11:15
Apple,0.06998,2024-12-01 11:15
Blueberry,0.04995,2024-12-01 11:15
Orange,0.0625,2024-12-01 11:15
Eggplant,0.024152,2024-12-01 11:15
Corn,0.04,2024-12-01 11:15
Banana,0.0613,2024-12-01 11:15
Soybean,0.0058,2024-12-01 11:15
Grape,0.7844,2024-12-01 11:15
Rice,0.78787879,2024-12-01 11:15
Olive,0.99,2024-12-01 11:15
Tomato,0.0119875,2024-12-01 11:15
Lemon,0.0263125,2024-12-01 11:15
Barley,0.11008,2024-12-01 11:15
Wood,0.03244153,2024-12-01 11:15
Stone,0.111333,2024-12-01 11:15
Iron,0.55666667,2024-12-01 11:15
Gold,1.82352941,2024-12-01 11:15
Egg,0.0384104,2024-12-01 11:15
Honey,0.1728375,2024-12-01 11:15
Crimstone,4.135,2024-12-01 11:15
Leather,0.22826087,2024-12-01 11:15
Wool,0.01944,2024-12-01 11:15
Merino Wool,0.3125,2024-12-01 11:15
Feather,0.0061,2024-12-01 11:15
Milk,0.42316842,2024-12-01 11:15
Goblin Emblem,0.096,2024-12-01 11:15
Bumpkin Emblem,0.118,2024-12-01 11:15
Sunflorian Emblem,0.12,2024-12-01 11:15
Nightshade Emblem,0.0825,2024-12-01 11:15
Sunflower,0.0010998,2024-12-01 11:45
Potato,0.00188679,2024-12-01 11:45
Pumpkin,0.00214085,2024-12-01 11:45
Carrot,0.003719,2024-12-01 11:45
Cabbage,0.00379189,2024-12-01 11:45
Beetroot,0.0125,2024-12-01 11:45
Cauliflower,0.0125,2024-12-01 11:45
Parsnip,0.0215,2024-12-01 11:45
Radish,0.07160131,2024-12-01 11:45
Wheat,0.0888881,2024-12-01 11:45
Kale,0.07630526,2024-12-01 11:45
Apple,0.069975,2024-12-01 11:45
Blueberry,0.04994783,2024-12-01 11:45
Orange,0.0625,2024-12-01 11:45
Eggplant,0.024152,2024-12-01 11:45
Corn,0.04018692,2024-12-01 11:45
Banana,0.06118571,2024-12-01 11:45
Soybean,0.0058,2024-12-01 11:45
Grape,0.7844,2024-12-01 11:45
Rice,0.8,2024-12-01 11:45
Olive,1.0009,2024-12-01 11:45
Tomato,0.01198182,2024-12-01 11:45
Lemon,0.0263125,2024-12-01 11:45
Barley,0.11249,2024-12-01 11:45
Wood,0.032439,2024-12-01 11:45
Stone,0.11132857,2024-12-01 11:45
Iron,0.55664333,2024-12-01 11:45
Gold,1.82352941,2024-12-01 11:45
Egg,0.03841016,2024-12-01 11:45
Honey,0.1741125,2024-12-01 11:45
Crimstone,4.1299,2024-12-01 11:45
Leather,0.22826087,2024-12-01 11:45
Wool,0.01944,2024-12-01 11:45
Merino Wool,0.37775556,2024-12-01 11:45
Feather,0.006064,2024-12-01 11:45
Milk,0.42316,2024-12-01 11:45
Goblin Emblem,0.096,2024-12-01 11:45
Bumpkin Emblem,0.118,2024-12-01 11:45
Sunflorian Emblem,0.12,2024-12-01 11:45
Nightshade Emblem,0.0825,2024-12-01 11:45
Sunflower,0.00125,2024-12-01 12:00
Potato,0.00188646,2024-12-01 12:00
Pumpkin,0.0021408,2024-12-01 12:00
Carrot,0.0037956,2024-12-01 12:00
Cabbage,0.003791,2024-12-01 12:00
Beetroot,0.01253382,2024-12-01 12:00
Cauliflower,0.0125,2024-12-01 12:00
Parsnip,0.0215,2024-12-01 12:00
Radish,0.07160131,2024-12-01 12:00
Wheat,0.088884,2024-12-01 12:00
Kale,0.0763,2024-12-01 12:00
Apple,0.0692,2024-12-01 12:00
Blueberry,0.04994,2024-12-01 12:00
Orange,0.06898235,2024-12-01 12:00
Eggplant,0.0242,2024-12-01 12:00
Corn,0.04018519,2024-12-01 12:00
Banana,0.06117647,2024-12-01 12:00
Soybean,0.0058,2024-12-01 12:00
Grape,0.7844,2024-12-01 12:00
Rice,0.8,2024-12-01 12:00
Olive,1.0009,2024-12-01 12:00
Tomato,0.011664,2024-12-01 12:00
Lemon,0.026398,2024-12-01 12:00
Barley,0.11247826,2024-12-01 12:00
Wood,0.03242,2024-12-01 12:00
Stone,0.11132727,2024-12-01 12:00
Iron,0.55664333,2024-12-01 12:00
Gold,1.823525,2024-12-01 12:00
Egg,0.0384,2024-12-01 12:00
Honey,0.1741,2024-12-01 12:00
Crimstone,4.135,2024-12-01 12:00
Leather,0.22826,2024-12-01 12:00
Wool,0.01944,2024-12-01 12:00
Merino Wool,0.37773333,2024-12-01 12:00
Feather,0.00542105,2024-12-01 12:00
Milk,0.42316,2024-12-01 12:00
Goblin Emblem,0.096,2024-12-01 12:00
Bumpkin Emblem,0.118,2024-12-01 12:00
Sunflorian Emblem,0.12,2024-12-01 12:00
Nightshade Emblem,0.0825,2024-12-01 12:00
Sunflower,0.00109995,2024-12-01 12:45
Potato,0.00175,2024-12-01 12:45
Pumpkin,0.002139,2024-12-01 12:45
Carrot,0.00379462,2024-12-01 12:45
Cabbage,0.00379,2024-12-01 12:45
Beetroot,0.012656,2024-12-01 12:45
Cauliflower,0.0125,2024-12-01 12:45
Parsnip,0.0215,2024-12-01 12:45
Radish,0.06923,2024-12-01 12:45
Wheat,0.089995,2024-12-01 12:45
Kale,0.07628889,2024-12-01 12:45
Apple,0.06916842,2024-12-01 12:45
Blueberry,0.04994,2024-12-01 12:45
Orange,0.0689,2024-12-01 12:45
Eggplant,0.02395167,2024-12-01 12:45
Corn,0.03999973,2024-12-01 12:45
Banana,0.0611,2024-12-01 12:45
Soybean,0.0058,2024-12-01 12:45
Grape,0.7644,2024-12-01 12:45
Rice,0.80695429,2024-12-01 12:45
Olive,1.0,2024-12-01 12:45
Tomato,0.01165854,2024-12-01 12:45
Lemon,0.02636,2024-12-01 12:45
Barley,0.11245455,2024-12-01 12:45
Wood,0.0324,2024-12-01 12:45
Stone,0.10958267,2024-12-01 12:45
Iron,0.555,2024-12-01 12:45
Gold,1.8076,2024-12-01 12:45
Egg,0.0378,2024-12-01 12:45
Honey,0.174,2024-12-01 12:45
Crimstone,4.18,2024-12-01 12:45
Leather,0.3375,2024-12-01 12:45
Wool,0.0196,2024-12-01 12:45
Merino Wool,0.38328,2024-12-01 12:45
Feather,0.006065,2024-12-01 12:45
Milk,0.42313333,2024-12-01 12:45
Goblin Emblem,0.096,2024-12-01 12:45
Bumpkin Emblem,0.118,2024-12-01 12:45
Sunflorian Emblem,0.12,2024-12-01 12:45
Nightshade Emblem,0.0825,2024-12-01 12:45
Sunflower,0.00114993,2024-12-01 13:15
Potato,0.00188646,2024-12-01 13:15
Pumpkin,0.00214,2024-12-01 13:15
Carrot,0.00376667,2024-12-01 13:15
Cabbage,0.00363764,2024-12-01 13:15
Beetroot,0.012656,2024-12-01 13:15
Cauliflower,0.01242567,2024-12-01 13:15
Parsnip,0.0215,2024-12-01 13:15
Radish,0.0622,2024-12-01 13:15
Wheat,0.09102222,2024-12-01 13:15
Kale,0.07022222,2024-12-01 13:15
Apple,0.06916,2024-12-01 13:15
Blueberry,0.049947,2024-12-01 13:15
Orange,0.06888,2024-12-01 13:15
Eggplant,0.0242,2024-12-01 13:15
Corn,0.0398885,2024-12-01 13:15
Banana,0.06109,2024-12-01 13:15
Soybean,0.00575,2024-12-01 13:15
Grape,0.78442,2024-12-01 13:15
Rice,0.80694,2024-12-01 13:15
Olive,1.0009,2024-12-01 13:15
Tomato,0.01198,2024-12-01 13:15
Lemon,0.02636,2024-12-01 13:15
Barley,0.112456,2024-12-01 13:15
Wood,0.0324,2024-12-01 13:15
Stone,0.1085635,2024-12-01 13:15
Iron,0.55665714,2024-12-01 13:15
Gold,1.8235,2024-12-01 13:15
Egg,0.03779828,2024-12-01 13:15
Honey,0.174,2024-12-01 13:15
Crimstone,4.17999231,2024-12-01 13:15
Leather,0.5,2024-12-01 13:15
Wool,0.0197,2024-12-01 13:15
Merino Wool,0.38326667,2024-12-01 13:15
Feather,0.0075,2024-12-01 13:15
Milk,0.39998,2024-12-01 13:15
Goblin Emblem,0.096,2024-12-01 13:15
Bumpkin Emblem,0.118,2024-12-01 13:15
Sunflorian Emblem,0.12,2024-12-01 13:15
Nightshade Emblem,0.0825,2024-12-01 13:15
Sunflower,0.00114929,2024-12-01 13:30
Potato,0.0019933,2024-12-01 13:30
Pumpkin,0.002,2024-12-01 13:30
Carrot,0.00363309,2024-12-01 13:30
Cabbage,0.003794,2024-12-01 13:30
Beetroot,0.01265579,2024-12-01 13:30
Cauliflower,0.0124,2024-12-01 13:30
Parsnip,0.0215,2024-12-01 13:30
Radish,0.07013636,2024-12-01 13:30
Wheat,0.091,2024-12-01 13:30
Kale,0.07629841,2024-12-01 13:30
Apple,0.06915,2024-12-01 13:30
Blueberry,0.0499,2024-12-01 13:30
Orange,0.068,2024-12-01 13:30
Eggplant,0.0248,2024-12-01 13:30
Corn,0.04009167,2024-12-01 13:30
Banana,0.05997333,2024-12-01 13:30
Soybean,0.0057486,2024-12-01 13:30
Grape,0.78441429,2024-12-01 13:30
Rice,0.80695,2024-12-01 13:30
Olive,1.0009,2024-12-01 13:30
Tomato,0.01198,2024-12-01 13:30
Lemon,0.02333333,2024-12-01 13:30
Barley,0.11244667,2024-12-01 13:30
Wood,0.0321,2024-12-01 13:30
Stone,0.10855682,2024-12-01 13:30
Iron,0.55664,2024-12-01 13:30
Gold,1.8235,2024-12-01 13:30
Egg,0.03775281,2024-12-01 13:30
Honey,0.16999545,2024-12-01 13:30
Crimstone,4.18,2024-12-01 13:30
Leather,0.49987,2024-12-01 13:30
Wool,0.0197,2024-12-01 13:30
Merino Wool,0.38325,2024-12-01 13:30
Feather,0.0073975,2024-12-01 13:30
Milk,0.39995,2024-12-01 13:30
Goblin Emblem,0.096,2024-12-01 13:30
Bumpkin Emblem,0.118,2024-12-01 13:30
Sunflorian Emblem,0.12,2024-12-01 13:30
Nightshade Emblem,0.0825,2024-12-01 13:30
Sunflower,0.001149,2024-12-01 14:00
Potato,0.001993,2024-12-01 14:00
Pumpkin,0.0019,2024-12-01 14:00
Carrot,0.0037,2024-12-01 14:00
Cabbage,0.003794,2024-12-01 14:00
Beetroot,0.012658,2024-12-01 14:00
Cauliflower,0.012,2024-12-01 14:00
Parsnip,0.0215,2024-12-01 14:00
Radish,0.07013,2024-12-01 14:00
Wheat,0.090697,2024-12-01 14:00
Kale,0.0748,2024-12-01 14:00
Apple,0.06915,2024-12-01 14:00
Blueberry,0.0499,2024-12-01 14:00
Orange,0.068,2024-12-01 14:00
Eggplant,0.0248,2024-12-01 14:00
Corn,0.040096,2024-12-01 14:00
Banana,0.06,2024-12-01 14:00
Soybean,0.005748,2024-12-01 14:00
Grape,0.78441429,2024-12-01 14:00
Rice,0.80695,2024-12-01 14:00
Olive,1.0009,2024-12-01 14:00
Tomato,0.01196923,2024-12-01 14:00
Lemon,0.02333333,2024-12-01 14:00
Barley,0.11244,2024-12-01 14:00
Wood,0.0321,2024-12-01 14:00
Stone,0.109585,2024-12-01 14:00
Iron,0.55661579,2024-12-01 14:00
Gold,1.7,2024-12-01 14:00
Egg,0.037752,2024-12-01 14:00
Honey,0.16994,2024-12-01 14:00
Crimstone,4.18,2024-12-01 14:00
Leather,0.4375,2024-12-01 14:00
Wool,0.0197,2024-12-01 14:00
Merino Wool,0.38,2024-12-01 14:00
Feather,0.00739667,2024-12-01 14:00
Milk,0.423125,2024-12-01 14:00
Goblin Emblem,0.096,2024-12-01 14:00
Bumpkin Emblem,0.118,2024-12-01 14:00
Sunflorian Emblem,0.12,2024-12-01 14:00
Nightshade Emblem,0.0825,2024-12-01 14:00
Sunflower,0.0011,2024-12-01 14:15
Potato,0.001993,2024-12-01 14:15
Pumpkin,0.00214,2024-12-01 14:15
Carrot,0.004,2024-12-01 14:15
Cabbage,0.00379393,2024-12-01 14:15
Beetroot,0.0148,2024-12-01 14:15
Cauliflower,0.012,2024-12-01 14:15
Parsnip,0.0215,2024-12-01 14:15
Radish,0.068,2024-12-01 14:15
Wheat,0.08979571,2024-12-01 14:15
Kale,0.075,2024-12-01 14:15
Apple,0.069098,2024-12-01 14:15
Blueberry,0.0499,2024-12-01 14:15
Orange,0.0692,2024-12-01 14:15
Eggplant,0.0248,2024-12-01 14:15
Corn,0.040075,2024-12-01 14:15
Banana,0.06,2024-12-01 14:15
Soybean,0.0056998,2024-12-01 14:15
Grape,0.78438,2024-12-01 14:15
Rice,0.804,2024-12-01 14:15
Olive,1.00571,2024-12-01 14:15
Tomato,0.01194889,2024-12-01 14:15
Lemon,0.02333,2024-12-01 14:15
Barley,0.11,2024-12-01 14:15
Wood,0.03241671,2024-12-01 14:15
Stone,0.11171538,2024-12-01 14:15
Iron,0.5636,2024-12-01 14:15
Gold,1.8235,2024-12-01 14:15
Egg,0.037751,2024-12-01 14:15
Honey,0.16686667,2024-12-01 14:15
Crimstone,4.2299,2024-12-01 14:15
Leather,0.4,2024-12-01 14:15
Wool,0.01969655,2024-12-01 14:15
Merino Wool,0.37888462,2024-12-01 14:15
Feather,0.00738333,2024-12-01 14:15
Milk,0.4231,2024-12-01 14:15
Goblin Emblem,0.096,2024-12-01 14:15
Bumpkin Emblem,0.118,2024-12-01 14:15
Sunflorian Emblem,0.12,2024-12-01 14:15
Nightshade Emblem,0.0825,2024-12-01 14:15
Sunflower,0.0010748,2024-12-01 14:45
Potato,0.00188612,2024-12-01 14:45
Pumpkin,0.00214,2024-12-01 14:45
Carrot,0.004,2024-12-01 14:45
Cabbage,0.00379378,2024-12-01 14:45
Beetroot,0.0149,2024-12-01 14:45
Cauliflower,0.0124,2024-12-01 14:45
Parsnip,0.02149,2024-12-01 14:45
Radish,0.07010909,2024-12-01 14:45
Wheat,0.08975,2024-12-01 14:45
Kale,0.075,2024-12-01 14:45
Apple,0.0675,2024-12-01 14:45
Blueberry,0.049947,2024-12-01 14:45
Orange,0.069,2024-12-01 14:45
Eggplant,0.0248,2024-12-01 14:45
Corn,0.0400775,2024-12-01 14:45
Banana,0.06,2024-12-01 14:45
Soybean,0.0057,2024-12-01 14:45
Grape,0.784,2024-12-01 14:45
Rice,0.804,2024-12-01 14:45
Olive,1.00571,2024-12-01 14:45
Tomato,0.01194889,2024-12-01 14:45
Lemon,0.02333,2024-12-01 14:45
Barley,0.11,2024-12-01 14:45
Wood,0.032415,2024-12-01 14:45
Stone,0.11171579,2024-12-01 14:45
Iron,0.5636,2024-12-01 14:45
Gold,1.82,2024-12-01 14:45
Egg,0.03775185,2024-12-01 14:45
Honey,0.16686,2024-12-01 14:45
Crimstone,4.22975,2024-12-01 14:45
Leather,0.38,2024-12-01 14:45
Wool,0.019696,2024-12-01 14:45
Merino Wool,0.37888333,2024-12-01 14:45
Feather,0.00738,2024-12-01 14:45
Milk,0.4231,2024-12-01 14:45
Goblin Emblem,0.096,2024-12-01 14:45
Bumpkin Emblem,0.118,2024-12-01 14:45
Sunflorian Emblem,0.12,2024-12-01 14:45
Nightshade Emblem,0.0825,2024-12-01 14:45
Sunflower,0.00108997,2024-12-01 15:00
Potato,0.00196558,2024-12-01 15:00
Pumpkin,0.00214,2024-12-01 15:00
Carrot,0.004,2024-12-01 15:00
Cabbage,0.00379378,2024-12-01 15:00
Beetroot,0.014898,2024-12-01 15:00
Cauliflower,0.0124,2024-12-01 15:00
Parsnip,0.02149,2024-12-01 15:00
Radish,0.07,2024-12-01 15:00
Wheat,0.08974884,2024-12-01 15:00
Kale,0.075,2024-12-01 15:00
Apple,0.069075,2024-12-01 15:00
Blueberry,0.0511,2024-12-01 15:00
Orange,0.06898,2024-12-01 15:00
Eggplant,0.0248,2024-12-01 15:00
Corn,0.040075,2024-12-01 15:00
Banana,0.05897619,2024-12-01 15:00
Soybean,0.005699,2024-12-01 15:00
Grape,0.78423,2024-12-01 15:00
Rice,0.80398,2024-12-01 15:00
Olive,1.015,2024-12-01 15:00
Tomato,0.011948,2024-12-01 15:00
Lemon,0.02635238,2024-12-01 15:00
Barley,0.10821,2024-12-01 15:00
Wood,0.03241471,2024-12-01 15:00
Stone,0.1117175,2024-12-01 15:00
Iron,0.56333333,2024-12-01 15:00
Gold,1.8224125,2024-12-01 15:00
Egg,0.0377495,2024-12-01 15:00
Honey,0.16996667,2024-12-01 15:00
Crimstone,4.229675,2024-12-01 15:00
Leather,0.38,2024-12-01 15:00
Wool,0.0196,2024-12-01 15:00
Merino Wool,0.38,2024-12-01 15:00
Feather,0.0072,2024-12-01 15:00
Milk,0.4231,2024-12-01 15:00
Goblin Emblem,0.096,2024-12-01 15:00
Bumpkin Emblem,0.118,2024-12-01 15:00
Sunflorian Emblem,0.12,2024-12-01 15:00
Nightshade Emblem,0.0825,2024-12-01 15:00
Sunflower,0.00109833,2024-12-01 15:15
Potato,0.00199288,2024-12-01 15:15
Pumpkin,0.00214,2024-12-01 15:15
Carrot,0.004,2024-12-01 15:15
Cabbage,0.003792,2024-12-01 15:15
Beetroot,0.01449481,2024-12-01 15:15
Cauliflower,0.0124,2024-12-01 15:15
Parsnip,0.021488,2024-12-01 15:15
Radish,0.07,2024-12-01 15:15
Wheat,0.088,2024-12-01 15:15
Kale,0.075,2024-12-01 15:15
Apple,0.06905918,2024-12-01 15:15
Blueberry,0.0511,2024-12-01 15:15
Orange,0.06868,2024-12-01 15:15
Eggplant,0.024799,2024-12-01 15:15
Corn,0.040075,2024-12-01 15:15
Banana,0.06,2024-12-01 15:15
Soybean,0.005748,2024-12-01 15:15
Grape,0.7842,2024-12-01 15:15
Rice,0.80399,2024-12-01 15:15
Olive,1.01498,2024-12-01 15:15
Tomato,0.01194,2024-12-01 15:15
Lemon,0.0263825,2024-12-01 15:15
Barley,0.11,2024-12-01 15:15
Wood,0.032362,2024-12-01 15:15
Stone,0.1117165,2024-12-01 15:15
Iron,0.56369,2024-12-01 15:15
Gold,1.8235,2024-12-01 15:15
Egg,0.03775281,2024-12-01 15:15
Honey,0.16994286,2024-12-01 15:15
Crimstone,4.2296,2024-12-01 15:15
Leather,0.39998,2024-12-01 15:15
Wool,0.0196,2024-12-01 15:15
Merino Wool,0.37998333,2024-12-01 15:15
Feather,0.0072,2024-12-01 15:15
Milk,0.4231,2024-12-01 15:15
Goblin Emblem,0.096,2024-12-01 15:15
Bumpkin Emblem,0.118,2024-12-01 15:15
Sunflorian Emblem,0.12,2024-12-01 15:15
Nightshade Emblem,0.0825,2024-12-01 15:15
Sunflower,0.0011,2024-12-01 15:45
Potato,0.0019,2024-12-01 15:45
Pumpkin,0.00214,2024-12-01 15:45
Carrot,0.004,2024-12-01 15:45
Cabbage,0.00379193,2024-12-01 15:45
Beetroot,0.014494,2024-12-01 15:45
Cauliflower,0.0124,2024-12-01 15:45
Parsnip,0.021485,2024-12-01 15:45
Radish,0.06999872,2024-12-01 15:45
Wheat,0.088,2024-12-01 15:45
Kale,0.075,2024-12-01 15:45
Apple,0.06905385,2024-12-01 15:45
Blueberry,0.0511,2024-12-01 15:45
Orange,0.0686,2024-12-01 15:45
Eggplant,0.024798,2024-12-01 15:45
Corn,0.040075,2024-12-01 15:45
Banana,0.06116,2024-12-01 15:45
Soybean,0.0058,2024-12-01 15:45
Grape,0.7842,2024-12-01 15:45
Rice,0.80398571,2024-12-01 15:45
Olive,1.014,2024-12-01 15:45
Tomato,0.0115,2024-12-01 15:45
Lemon,0.02638,2024-12-01 15:45
Barley,0.11,2024-12-01 15:45
Wood,0.03235932,2024-12-01 15:45
Stone,0.10302752,2024-12-01 15:45
Iron,0.56367,2024-12-01 15:45
Gold,1.8235,2024-12-01 15:45
Egg,0.037752,2024-12-01 15:45
Honey,0.16994,2024-12-01 15:45
Crimstone,4.2296,2024-12-01 15:45
Leather,0.39998,2024-12-01 15:45
Wool,0.0196,2024-12-01 15:45
Merino Wool,0.379975,2024-12-01 15:45
Feather,0.0072,2024-12-01 15:45
Milk,0.4231,2024-12-01 15:45
Goblin Emblem,0.096,2024-12-01 15:45
Bumpkin Emblem,0.118,2024-12-01 15:45
Sunflorian Emblem,0.12,2024-12-01 15:45
Nightshade Emblem,0.0825,2024-12-01 15:45
Sunflower,0.0011,2024-12-01 16:00
Potato,0.0018996,2024-12-01 16:00
Pumpkin,0.00214,2024-12-01 16:00
Carrot,0.00398601,2024-12-01 16:00
Cabbage,0.00379182,2024-12-01 16:00
Beetroot,0.014492,2024-12-01 16:00
Cauliflower,0.0125,2024-12-01 16:00
Parsnip,0.021488,2024-12-01 16:00
Radish,0.06999596,2024-12-01 16:00
Wheat,0.088,2024-12-01 16:00
Kale,0.075,2024-12-01 16:00
Apple,0.06905,2024-12-01 16:00
Blueberry,0.0511,2024-12-01 16:00
Orange,0.06867576,2024-12-01 16:00
Eggplant,0.02479785,2024-12-01 16:00
Corn,0.040074,2024-12-01 16:00
Banana,0.06115789,2024-12-01 16:00
Soybean,0.0058,2024-12-01 16:00
Grape,0.7842,2024-12-01 16:00
Rice,0.80398333,2024-12-01 16:00
Olive,1.014,2024-12-01 16:00
Tomato,0.0115375,2024-12-01 16:00
Lemon,0.02638,2024-12-01 16:00
Barley,0.11,2024-12-01 16:00
Wood,0.03236092,2024-12-01 16:00
Stone,0.10291304,2024-12-01 16:00
Iron,0.5635,2024-12-01 16:00
Gold,1.8234,2024-12-01 16:00
Egg,0.03775193,2024-12-01 16:00
Honey,0.16996667,2024-12-01 16:00
Crimstone,4.2295,2024-12-01 16:00
Leather,0.3974,2024-12-01 16:00
Wool,0.0196,2024-12-01 16:00
Merino Wool,0.379975,2024-12-01 16:00
Feather,0.0072,2024-12-01 16:00
Milk,0.42268,2024-12-01 16:00
Goblin Emblem,0.096,2024-12-01 16:00
Bumpkin Emblem,0.118,2024-12-01 16:00
Sunflorian Emblem,0.12,2024-12-01 16:00
Nightshade Emblem,0.0825,2024-12-01 16:00
Sunflower,0.0011,2024-12-01 16:30
Potato,0.001746,2024-12-01 16:30
Pumpkin,0.00214,2024-12-01 16:30
Carrot,0.003986,2024-12-01 16:30
Cabbage,0.00379118,2024-12-01 16:30
Beetroot,0.01448167,2024-12-01 16:30
Cauliflower,0.01248533,2024-12-01 16:30
Parsnip,0.02091503,2024-12-01 16:30
Radish,0.06989,2024-12-01 16:30
Wheat,0.087665,2024-12-01 16:30
Kale,0.075,2024-12-01 16:30
Apple,0.06906,2024-12-01 16:30
Blueberry,0.051096,2024-12-01 16:30
Orange,0.06867857,2024-12-01 16:30
Eggplant,0.02477632,2024-12-01 16:30
Corn,0.0400735,2024-12-01 16:30
Banana,0.06114444,2024-12-01 16:30
Soybean,0.0058,2024-12-01 16:30
Grape,0.78416,2024-12-01 16:30
Rice,0.803965,2024-12-01 16:30
Olive,1.0139,2024-12-01 16:30
Tomato,0.01143333,2024-12-01 16:30
Lemon,0.026378,2024-12-01 16:30
Barley,0.10645181,2024-12-01 16:30
Wood,0.03234924,2024-12-01 16:30
Stone,0.10288824,2024-12-01 16:30
Iron,0.56342,2024-12-01 16:30
Gold,1.8235,2024-12-01 16:30
Egg,0.03775,2024-12-01 16:30
Honey,0.16993125,2024-12-01 16:30
Crimstone,4.226,2024-12-01 16:30
Leather,0.3974,2024-12-01 16:30
Wool,0.022,2024-12-01 16:30
Merino Wool,0.37996667,2024-12-01 16:30
Feather,0.00738333,2024-12-01 16:30
Milk,0.4226,2024-12-01 16:30
Goblin Emblem,0.096,2024-12-01 16:30
Bumpkin Emblem,0.118,2024-12-01 16:30
Sunflorian Emblem,0.12,2024-12-01 16:30
Nightshade Emblem,0.0825,2024-12-01 16:30
Sunflower,0.0011,2024-12-01 16:45
Potato,0.00174575,2024-12-01 16:45
Pumpkin,0.00214,2024-12-01 16:45
Carrot,0.003986,2024-12-01 16:45
Cabbage,0.004,2024-12-01 16:45
Beetroot,0.01448143,2024-12-01 16:45
Cauliflower,0.013,2024-12-01 16:45
Parsnip,0.02091503,2024-12-01 16:45
Radish,0.06989,2024-12-01 16:45
Wheat,0.08975,2024-12-01 16:45
Kale,0.075,2024-12-01 16:45
Apple,0.069065,2024-12-01 16:45
Blueberry,0.051096,2024-12-01 16:45
Orange,0.068,2024-12-01 16:45
Eggplant,0.02477632,2024-12-01 16:45
Corn,0.04,2024-12-01 16:45
Banana,0.061,2024-12-01 16:45
Soybean,0.00589732,2024-12-01 16:45
Grape,0.78414286,2024-12-01 16:45
Rice,0.803965,2024-12-01 16:45
Olive,1.0139,2024-12-01 16:45
Tomato,0.011432,2024-12-01 16:45
Lemon,0.0263847,2024-12-01 16:45
Barley,0.10629737,2024-12-01 16:45
Wood,0.03235923,2024-12-01 16:45
Stone,0.10288824,2024-12-01 16:45
Iron,0.5634,2024-12-01 16:45
Gold,1.8,2024-12-01 16:45
Egg,0.03775,2024-12-01 16:45
Honey,0.16851667,2024-12-01 16:45
Crimstone,4.226,2024-12-01 16:45
Leather,0.397375,2024-12-01 16:45
Wool,0.022,2024-12-01 16:45
Merino Wool,0.37995714,2024-12-01 16:45
Feather,0.008024,2024-12-01 16:45
Milk,0.42259286,2024-12-01 16:45
Goblin Emblem,0.096,2024-12-01 16:45
Bumpkin Emblem,0.118,2024-12-01 16:45
Sunflorian Emblem,0.12,2024-12-01 16:45
Nightshade Emblem,0.0825,2024-12-01 16:45
Sunflower,0.00109995,2024-12-01 17:00
Potato,0.0017457,2024-12-01 17:00
Pumpkin,0.00212276,2024-12-01 17:00
Carrot,0.00392264,2024-12-01 17:00
Cabbage,0.004,2024-12-01 17:00
Beetroot,0.014481,2024-12-01 17:00
Cauliflower,0.013,2024-12-01 17:00
Parsnip,0.02091503,2024-12-01 17:00
Radish,0.06989,2024-12-01 17:00
Wheat,0.08979375,2024-12-01 17:00
Kale,0.075,2024-12-01 17:00
Apple,0.06906111,2024-12-01 17:00
Blueberry,0.051095,2024-12-01 17:00
Orange,0.068,2024-12-01 17:00
Eggplant,0.02477632,2024-12-01 17:00
Corn,0.04,2024-12-01 17:00
Banana,0.05966,2024-12-01 17:00
Soybean,0.005897,2024-12-01 17:00
Grape,0.78416,2024-12-01 17:00
Rice,0.80395,2024-12-01 17:00
Olive,1.01389,2024-12-01 17:00
Tomato,0.01194464,2024-12-01 17:00
Lemon,0.0263847,2024-12-01 17:00
Barley,0.106296,2024-12-01 17:00
Wood,0.032362,2024-12-01 17:00
Stone,0.10289853,2024-12-01 17:00
Iron,0.56285,2024-12-01 17:00
Gold,1.875,2024-12-01 17:00
Egg,0.03775,2024-12-01 17:00
Honey,0.1685,2024-12-01 17:00
Crimstone,4.2295,2024-12-01 17:00
Leather,0.3974,2024-12-01 17:00
Wool,0.022,2024-12-01 17:00
Merino Wool,0.37995714,2024-12-01 17:00
Feather,0.008329,2024-12-01 17:00
Milk,0.4,2024-12-01 17:00
Goblin Emblem,0.096,2024-12-01 17:00
Bumpkin Emblem,0.118,2024-12-01 17:00
Sunflorian Emblem,0.12,2024-12-01 17:00
Nightshade Emblem,0.0825,2024-12-01 17:00
Sunflower,0.0010999,2024-12-01 17:15
Potato,0.0017,2024-12-01 17:15
Pumpkin,0.00214,2024-12-01 17:15
Carrot,0.0039,2024-12-01 17:15
Cabbage,0.0039,2024-12-01 17:15
Beetroot,0.01448,2024-12-01 17:15
Cauliflower,0.013,2024-12-01 17:15
Parsnip,0.02143778,2024-12-01 17:15
Radish,0.06986667,2024-12-01 17:15
Wheat,0.08974595,2024-12-01 17:15
Kale,0.07498933,2024-12-01 17:15
Apple,0.068,2024-12-01 17:15
Blueberry,0.051044,2024-12-01 17:15
Orange,0.06795385,2024-12-01 17:15
Eggplant,0.0248,2024-12-01 17:15
Corn,0.03980972,2024-12-01 17:15
Banana,0.061,2024-12-01 17:15
Soybean,0.00589375,2024-12-01 17:15
Grape,0.784,2024-12-01 17:15
Rice,0.803965,2024-12-01 17:15
Olive,1.0139,2024-12-01 17:15
Tomato,0.011666,2024-12-01 17:15
Lemon,0.0263825,2024-12-01 17:15
Barley,0.10555,2024-12-01 17:15
Wood,0.03211,2024-12-01 17:15
Stone,0.1028,2024-12-01 17:15
Iron,0.5625,2024-12-01 17:15
Gold,1.8,2024-12-01 17:15
Egg,0.037748,2024-12-01 17:15
Honey,0.16991429,2024-12-01 17:15
Crimstone,4.2294,2024-12-01 17:15
Leather,0.39735,2024-12-01 17:15
Wool,0.022,2024-12-01 17:15
Merino Wool,0.37998,2024-12-01 17:15
Feather,0.0083,2024-12-01 17:15
Milk,0.422656,2024-12-01 17:15
Goblin Emblem,0.096,2024-12-01 17:15
Bumpkin Emblem,0.118,2024-12-01 17:15
Sunflorian Emblem,0.12,2024-12-01 17:15
Nightshade Emblem,0.0825,2024-12-01 17:15
Sunflower,0.001075,2024-12-01 17:45
Potato,0.0017,2024-12-01 17:45
Pumpkin,0.002138,2024-12-01 17:45
Carrot,0.0039,2024-12-01 17:45
Cabbage,0.0039,2024-12-01 17:45
Beetroot,0.01444994,2024-12-01 17:45
Cauliflower,0.013,2024-12-01 17:45
Parsnip,0.02143733,2024-12-01 17:45
Radish,0.06986,2024-12-01 17:45
Wheat,0.08974353,2024-12-01 17:45
Kale,0.07403371,2024-12-01 17:45
Apple,0.06798,2024-12-01 17:45
Blueberry,0.051035,2024-12-01 17:45
Orange,0.0679,2024-12-01 17:45
Eggplant,0.02475,2024-12-01 17:45
Corn,0.039805,2024-12-01 17:45
Banana,0.061,2024-12-01 17:45
Soybean,0.005885,2024-12-01 17:45
Grape,0.784,2024-12-01 17:45
Rice,0.803965,2024-12-01 17:45
Olive,1.01389,2024-12-01 17:45
Tomato,0.01166,2024-12-01 17:45
Lemon,0.02636,2024-12-01 17:45
Barley,0.10554561,2024-12-01 17:45
Wood,0.032416,2024-12-01 17:45
Stone,0.101526,2024-12-01 17:45
Iron,0.5625,2024-12-01 17:45
Gold,1.79,2024-12-01 17:45
Egg,0.03774583,2024-12-01 17:45
Honey,0.16990667,2024-12-01 17:45
Crimstone,4.2,2024-12-01 17:45
Leather,0.39735,2024-12-01 17:45
Wool,0.022,2024-12-01 17:45
Merino Wool,0.37998,2024-12-01 17:45
Feather,0.0083,2024-12-01 17:45
Milk,0.42265,2024-12-01 17:45
Goblin Emblem,0.096,2024-12-01 17:45
Bumpkin Emblem,0.118,2024-12-01 17:45
Sunflorian Emblem,0.12,2024-12-01 17:45
Nightshade Emblem,0.0825,2024-12-01 17:45
Sunflower,0.001075,2024-12-01 18:00
Potato,0.0016999,2024-12-01 18:00
Pumpkin,0.0021378,2024-12-01 18:00
Carrot,0.0039,2024-12-01 18:00
Cabbage,0.0039,2024-12-01 18:00
Beetroot,0.0144499,2024-12-01 18:00
Cauliflower,0.013,2024-12-01 18:00
Parsnip,0.02143733,2024-12-01 18:00
Radish,0.06986409,2024-12-01 18:00
Wheat,0.09125,2024-12-01 18:00
Kale,0.07403371,2024-12-01 18:00
Apple,0.068,2024-12-01 18:00
Blueberry,0.051035,2024-12-01 18:00
Orange,0.068,2024-12-01 18:00
Eggplant,0.02475,2024-12-01 18:00
Corn,0.04,2024-12-01 18:00
Banana,0.061,2024-12-01 18:00
Soybean,0.005885,2024-12-01 18:00
Grape,0.784,2024-12-01 18:00
Rice,0.803965,2024-12-01 18:00
Olive,1.01389,2024-12-01 18:00
Tomato,0.01116667,2024-12-01 18:00
Lemon,0.026999,2024-12-01 18:00
Barley,0.10645294,2024-12-01 18:00
Wood,0.032412,2024-12-01 18:00
Stone,0.10145955,2024-12-01 18:00
Iron,0.5625,2024-12-01 18:00
Gold,1.875,2024-12-01 18:00
Egg,0.037215,2024-12-01 18:00
Honey,0.16991579,2024-12-01 18:00
Crimstone,4.2,2024-12-01 18:00
Leather,0.39735,2024-12-01 18:00
Wool,0.022,2024-12-01 18:00
Merino Wool,0.37997273,2024-12-01 18:00
Feather,0.0083,2024-12-01 18:00
Milk,0.42265,2024-12-01 18:00
Goblin Emblem,0.096,2024-12-01 18:00
Bumpkin Emblem,0.118,2024-12-01 18:00
Sunflorian Emblem,0.12,2024-12-01 18:00
Nightshade Emblem,0.0825,2024-12-01 18:00
Sunflower,0.0010749,2024-12-01 18:30
Potato,0.0017,2024-12-01 18:30
Pumpkin,0.00199961,2024-12-01 18:30
Carrot,0.0039,2024-12-01 18:30
Cabbage,0.0039,2024-12-01 18:30
Beetroot,0.01444965,2024-12-01 18:30
Cauliflower,0.012935,2024-12-01 18:30
Parsnip,0.02143778,2024-12-01 18:30
Radish,0.06986286,2024-12-01 18:30
Wheat,0.092,2024-12-01 18:30
Kale,0.0735,2024-12-01 18:30
Apple,0.063,2024-12-01 18:30
Blueberry,0.050034,2024-12-01 18:30
Orange,0.068,2024-12-01 18:30
Eggplant,0.024994,2024-12-01 18:30
Corn,0.0400735,2024-12-01 18:30
Banana,0.061,2024-12-01 18:30
Soybean,0.005881,2024-12-01 18:30
Grape,0.784,2024-12-01 18:30
Rice,0.803965,2024-12-01 18:30
Olive,1.01388,2024-12-01 18:30
Tomato,0.011655,2024-12-01 18:30
Lemon,0.02698571,2024-12-01 18:30
Barley,0.11245405,2024-12-01 18:30
Wood,0.03241372,2024-12-01 18:30
Stone,0.10146667,2024-12-01 18:30
Iron,0.5625,2024-12-01 18:30
Gold,1.875,2024-12-01 18:30
Egg,0.03721,2024-12-01 18:30
Honey,0.16992667,2024-12-01 18:30
Crimstone,4.2295,2024-12-01 18:30
Leather,0.39734444,2024-12-01 18:30
Wool,0.022,2024-12-01 18:30
Merino Wool,0.37997,2024-12-01 18:30
Feather,0.0083,2024-12-01 18:30
Milk,0.42265,2024-12-01 18:30
Goblin Emblem,0.096,2024-12-01 18:30
Bumpkin Emblem,0.118,2024-12-01 18:30
Sunflorian Emblem,0.12,2024-12-01 18:30
Nightshade Emblem,0.0825,2024-12-01 18:30
Sunflower,0.00105,2024-12-01 18:45
Potato,0.0017,2024-12-01 18:45
Pumpkin,0.0019996,2024-12-01 18:45
Carrot,0.0037794,2024-12-01 18:45
Cabbage,0.0039,2024-12-01 18:45
Beetroot,0.01444713,2024-12-01 18:45
Cauliflower,0.012934,2024-12-01 18:45
Parsnip,0.0214375,2024-12-01 18:45
Radish,0.069862,2024-12-01 18:45
Wheat,0.091,2024-12-01 18:45
Kale,0.0735,2024-12-01 18:45
Apple,0.068,2024-12-01 18:45
Blueberry,0.049885,2024-12-01 18:45
Orange,0.067992,2024-12-01 18:45
Eggplant,0.024994,2024-12-01 18:45
Corn,0.0400735,2024-12-01 18:45
Banana,0.060999,2024-12-01 18:45
Soybean,0.00588,2024-12-01 18:45
Grape,0.784,2024-12-01 18:45
Rice,0.80396364,2024-12-01 18:45
Olive,1.01388,2024-12-01 18:45
Tomato,0.011332,2024-12-01 18:45
Lemon,0.0269988,2024-12-01 18:45
Barley,0.11243725,2024-12-01 18:45
Wood,0.03241,2024-12-01 18:45
Stone,0.10145625,2024-12-01 18:45
Iron,0.56238571,2024-12-01 18:45
Gold,1.85,2024-12-01 18:45
Egg,0.03721,2024-12-01 18:45
Honey,0.16991875,2024-12-01 18:45
Crimstone,4.2294,2024-12-01 18:45
Leather,0.3973,2024-12-01 18:45
Wool,0.022,2024-12-01 18:45
Merino Wool,0.37995556,2024-12-01 18:45
Feather,0.0083,2024-12-01 18:45
Milk,0.42266667,2024-12-01 18:45
Goblin Emblem,0.096,2024-12-01 18:45
Bumpkin Emblem,0.118,2024-12-01 18:45
Sunflorian Emblem,0.12,2024-12-01 18:45
Nightshade Emblem,0.0825,2024-12-01 18:45
Sunflower,0.00105,2024-12-01 19:15
Potato,0.00165,2024-12-01 19:15
Pumpkin,0.00199933,2024-12-01 19:15
Carrot,0.0038995,2024-12-01 19:15
Cabbage,0.0039,2024-12-01 19:15
Beetroot,0.014449,2024-12-01 19:15
Cauliflower,0.0129875,2024-12-01 19:15
Parsnip,0.021488,2024-12-01 19:15
Radish,0.06929661,2024-12-01 19:15
Wheat,0.0909,2024-12-01 19:15
Kale,0.0735,2024-12-01 19:15
Apple,0.06906111,2024-12-01 19:15
Blueberry,0.0499,2024-12-01 19:15
Orange,0.068,2024-12-01 19:15
Eggplant,0.024994,2024-12-01 19:15
Corn,0.0400735,2024-12-01 19:15
Banana,0.06099762,2024-12-01 19:15
Soybean,0.00585859,2024-12-01 19:15
Grape,0.784,2024-12-01 19:15
Rice,0.79998571,2024-12-01 19:15
Olive,1.01388,2024-12-01 19:15
Tomato,0.01424,2024-12-01 19:15
Lemon,0.02699167,2024-12-01 19:15
Barley,0.115,2024-12-01 19:15
Wood,0.03275,2024-12-01 19:15
Stone,0.10152,2024-12-01 19:15
Iron,0.5625,2024-12-01 19:15
Gold,1.84998,2024-12-01 19:15
Egg,0.03721,2024-12-01 19:15
Honey,0.16994,2024-12-01 19:15
Crimstone,4.2294,2024-12-01 19:15
Leather,0.3973,2024-12-01 19:15
Wool,0.022,2024-12-01 19:15
Merino Wool,0.37995556,2024-12-01 19:15
Feather,0.00829677,2024-12-01 19:15
Milk,0.42265,2024-12-01 19:15
Goblin Emblem,0.096,2024-12-01 19:15
Bumpkin Emblem,0.118,2024-12-01 19:15
Sunflorian Emblem,0.12,2024-12-01 19:15
Nightshade Emblem,0.0825,2024-12-01 19:15
Sunflower,0.00105,2024-12-01 19:45
Potato,0.001746,2024-12-01 19:45
Pumpkin,0.00199933,2024-12-01 19:45
Carrot,0.0039,2024-12-01 19:45
Cabbage,0.0039,2024-12-01 19:45
Beetroot,0.01444881,2024-12-01 19:45
Cauliflower,0.012986,2024-12-01 19:45
Parsnip,0.0215,2024-12-01 19:45
Radish,0.0694,2024-12-01 19:45
Wheat,0.0908,2024-12-01 19:45
Kale,0.0735,2024-12-01 19:45
Apple,0.06906,2024-12-01 19:45
Blueberry,0.04988,2024-12-01 19:45
Orange,0.068,2024-12-01 19:45
Eggplant,0.027,2024-12-01 19:45
Corn,0.040072,2024-12-01 19:45
Banana,0.06111,2024-12-01 19:45
Soybean,0.00585859,2024-12-01 19:45
Grape,0.784,2024-12-01 19:45
Rice,0.799984,2024-12-01 19:45
Olive,1.01388,2024-12-01 19:45
Tomato,0.01423,2024-12-01 19:45
Lemon,0.027,2024-12-01 19:45
Barley,0.115,2024-12-01 19:45
Wood,0.03273267,2024-12-01 19:45
Stone,0.10152588,2024-12-01 19:45
Iron,0.56341,2024-12-01 19:45
Gold,1.85,2024-12-01 19:45
Egg,0.03721,2024-12-01 19:45
Honey,0.16994,2024-12-01 19:45
Crimstone,4.22904,2024-12-01 19:45
Leather,0.39724815,2024-12-01 19:45
Wool,0.022,2024-12-01 19:45
Merino Wool,0.37994,2024-12-01 19:45
Feather,0.008296,2024-12-01 19:45
Milk,0.42265,2024-12-01 19:45
Goblin Emblem,0.096,2024-12-01 19:45
Bumpkin Emblem,0.118,2024-12-01 19:45
Sunflorian Emblem,0.12,2024-12-01 19:45
Nightshade Emblem,0.0825,2024-12-01 19:45
Sunflower,0.0010498,2024-12-01 20:00
Potato,0.001875,2024-12-01 20:00
Pumpkin,0.00199922,2024-12-01 20:00
Carrot,0.0039,2024-12-01 20:00
Cabbage,0.0039,2024-12-01 20:00
Beetroot,0.0144488,2024-12-01 20:00
Cauliflower,0.0129,2024-12-01 20:00
Parsnip,0.02175,2024-12-01 20:00
Radish,0.06889254,2024-12-01 20:00
Wheat,0.0909,2024-12-01 20:00
Kale,0.0735,2024-12-01 20:00
Apple,0.06906,2024-12-01 20:00
Blueberry,0.04988,2024-12-01 20:00
Orange,0.068,2024-12-01 20:00
Eggplant,0.0266,2024-12-01 20:00
Corn,0.040072,2024-12-01 20:00
Banana,0.0612,2024-12-01 20:00
Soybean,0.00585833,2024-12-01 20:00
Grape,0.784,2024-12-01 20:00
Rice,0.799984,2024-12-01 20:00
Olive,1.01,2024-12-01 20:00
Tomato,0.01333333,2024-12-01 20:00
Lemon,0.027,2024-12-01 20:00
Barley,0.115625,2024-12-01 20:00
Wood,0.0327326,2024-12-01 20:00
Stone,0.10152533,2024-12-01 20:00
Iron,0.56341333,2024-12-01 20:00
Gold,1.85,2024-12-01 20:00
Egg,0.03721,2024-12-01 20:00
Honey,0.17166667,2024-12-01 20:00
Crimstone,4.1289,2024-12-01 20:00
Leather,0.37777778,2024-12-01 20:00
Wool,0.022,2024-12-01 20:00
Merino Wool,0.33333333,2024-12-01 20:00
Feather,0.008296,2024-12-01 20:00
Milk,0.42264,2024-12-01 20:00
Goblin Emblem,0.096,2024-12-01 20:00
Bumpkin Emblem,0.118,2024-12-01 20:00
Sunflorian Emblem,0.12,2024-12-01 20:00
Nightshade Emblem,0.0825,2024-12-01 20:00
Sunflower,0.0010495,2024-12-01 20:30
Potato,0.0020134,2024-12-01 20:30
Pumpkin,0.001999,2024-12-01 20:30
Carrot,0.004,2024-12-01 20:30
Cabbage,0.0039,2024-12-01 20:30
Beetroot,0.01437255,2024-12-01 20:30
Cauliflower,0.0129,2024-12-01 20:30
Parsnip,0.021749,2024-12-01 20:30
Radish,0.0685,2024-12-01 20:30
Wheat,0.0909,2024-12-01 20:30
Kale,0.07349667,2024-12-01 20:30
Apple,0.06874688,2024-12-01 20:30
Blueberry,0.04984091,2024-12-01 20:30
Orange,0.06797778,2024-12-01 20:30
Eggplant,0.02718,2024-12-01 20:30
Corn,0.04006,2024-12-01 20:30
Banana,0.0612,2024-12-01 20:30
Soybean,0.0058575,2024-12-01 20:30
Grape,0.784,2024-12-01 20:30
Rice,0.799984,2024-12-01 20:30
Olive,1.01,2024-12-01 20:30
Tomato,0.0128125,2024-12-01 20:30
Lemon,0.02697667,2024-12-01 20:30
Barley,0.113748,2024-12-01 20:30
Wood,0.0327312,2024-12-01 20:30
Stone,0.10290534,2024-12-01 20:30
Iron,0.563408,2024-12-01 20:30
Gold,1.85,2024-12-01 20:30
Egg,0.03721,2024-12-01 20:30
Honey,0.1741125,2024-12-01 20:30
Crimstone,4.12,2024-12-01 20:30
Leather,0.37776,2024-12-01 20:30
Wool,0.023,2024-12-01 20:30
Merino Wool,0.37994,2024-12-01 20:30
Feather,0.0083,2024-12-01 20:30
Milk,0.4225,2024-12-01 20:30
Goblin Emblem,0.096,2024-12-01 20:30
Bumpkin Emblem,0.118,2024-12-01 20:30
Sunflorian Emblem,0.12,2024-12-01 20:30
Nightshade Emblem,0.0825,2024-12-01 20:30
Sunflower,0.0010495,2024-12-01 20:45
Potato,0.0020134,2024-12-01 20:45
Pumpkin,0.001999,2024-12-01 20:45
Carrot,0.004,2024-12-01 20:45
Cabbage,0.0039,2024-12-01 20:45
Beetroot,0.014372,2024-12-01 20:45
Cauliflower,0.012885,2024-12-01 20:45
Parsnip,0.0217491,2024-12-01 20:45
Radish,0.06868885,2024-12-01 20:45
Wheat,0.0909,2024-12-01 20:45
Kale,0.073492,2024-12-01 20:45
Apple,0.068,2024-12-01 20:45
Blueberry,0.049832,2024-12-01 20:45
Orange,0.06797739,2024-12-01 20:45
Eggplant,0.02718,2024-12-01 20:45
Corn,0.04006,2024-12-01 20:45
Banana,0.0612,2024-12-01 20:45
Soybean,0.0058,2024-12-01 20:45
Grape,0.784,2024-12-01 20:45
Rice,0.79998,2024-12-01 20:45
Olive,1.0,2024-12-01 20:45
Tomato,0.0128125,2024-12-01 20:45
Lemon,0.0269748,2024-12-01 20:45
Barley,0.113748,2024-12-01 20:45
Wood,0.03273051,2024-12-01 20:45
Stone,0.10289,2024-12-01 20:45
Iron,0.5634,2024-12-01 20:45
Gold,1.85,2024-12-01 20:45
Egg,0.03721,2024-12-01 20:45
Honey,0.17411,2024-12-01 20:45
Crimstone,4.12,2024-12-01 20:45
Leather,0.37776,2024-12-01 20:45
Wool,0.023,2024-12-01 20:45
Merino Wool,0.37993333,2024-12-01 20:45
Feather,0.0083,2024-12-01 20:45
Milk,0.4225,2024-12-01 20:45
Goblin Emblem,0.096,2024-12-01 20:45
Bumpkin Emblem,0.118,2024-12-01 20:45
Sunflorian Emblem,0.12,2024-12-01 20:45
Nightshade Emblem,0.0825,2024-12-01 20:45
Sunflower,0.0010495,2024-12-01 21:00
Potato,0.002013,2024-12-01 21:00
Pumpkin,0.001999,2024-12-01 21:00
Carrot,0.004,2024-12-01 21:00
Cabbage,0.00399,2024-12-01 21:00
Beetroot,0.01394207,2024-12-01 21:00
Cauliflower,0.0129,2024-12-01 21:00
Parsnip,0.021748,2024-12-01 21:00
Radish,0.069864,2024-12-01 21:00
Wheat,0.091,2024-12-01 21:00
Kale,0.07349,2024-12-01 21:00
Apple,0.067998,2024-12-01 21:00
Blueberry,0.049828,2024-12-01 21:00
Orange,0.067974,2024-12-01 21:00
Eggplant,0.02718,2024-12-01 21:00
Corn,0.04006,2024-12-01 21:00
Banana,0.0612,2024-12-01 21:00
Soybean,0.00585623,2024-12-01 21:00
Grape,0.784,2024-12-01 21:00
Rice,0.79996,2024-12-01 21:00
Olive,1.0,2024-12-01 21:00
Tomato,0.013325,2024-12-01 21:00
Lemon,0.02697333,2024-12-01 21:00
Barley,0.11399667,2024-12-01 21:00
Wood,0.032731,2024-12-01 21:00
Stone,0.11,2024-12-01 21:00
Iron,0.5632,2024-12-01 21:00
Gold,1.875,2024-12-01 21:00
Egg,0.03721,2024-12-01 21:00
Honey,0.17076538,2024-12-01 21:00
Crimstone,4.12,2024-12-01 21:00
Leather,0.37776,2024-12-01 21:00
Wool,0.023,2024-12-01 21:00
Merino Wool,0.37993333,2024-12-01 21:00
Feather,0.0083,2024-12-01 21:00
Milk,0.4225,2024-12-01 21:00
Goblin Emblem,0.096,2024-12-01 21:00
Bumpkin Emblem,0.118,2024-12-01 21:00
Sunflorian Emblem,0.12,2024-12-01 21:00
Nightshade Emblem,0.0825,2024-12-01 21:00
Sunflower,0.001,2024-12-01 21:15
Potato,0.00187495,2024-12-01 21:15
Pumpkin,0.0019987,2024-12-01 21:15
Carrot,0.004,2024-12-01 21:15
Cabbage,0.00399,2024-12-01 21:15
Beetroot,0.014,2024-12-01 21:15
Cauliflower,0.0129,2024-12-01 21:15
Parsnip,0.021748,2024-12-01 21:15
Radish,0.06973067,2024-12-01 21:15
Wheat,0.091018,2024-12-01 21:15
Kale,0.07348679,2024-12-01 21:15
Apple,0.0678,2024-12-01 21:15
Blueberry,0.049808,2024-12-01 21:15
Orange,0.06797308,2024-12-01 21:15
Eggplant,0.027,2024-12-01 21:15
Corn,0.04,2024-12-01 21:15
Banana,0.0605,2024-12-01 21:15
Soybean,0.0058,2024-12-01 21:15
Grape,0.784,2024-12-01 21:15
Rice,0.79493,2024-12-01 21:15
Olive,1.0,2024-12-01 21:15
Tomato,0.0125,2024-12-01 21:15
Lemon,0.026972,2024-12-01 21:15
Barley,0.11398,2024-12-01 21:15
Wood,0.0327326,2024-12-01 21:15
Stone,0.11,2024-12-01 21:15
Iron,0.55998,2024-12-01 21:15
Gold,1.875,2024-12-01 21:15
Egg,0.03721,2024-12-01 21:15
Honey,0.175725,2024-12-01 21:15
Crimstone,4.1194,2024-12-01 21:15
Leather,0.37776,2024-12-01 21:15
Wool,0.023,2024-12-01 21:15
Merino Wool,0.37996667,2024-12-01 21:15
Feather,0.008,2024-12-01 21:15
Milk,0.422645,2024-12-01 21:15
Goblin Emblem,0.096,2024-12-01 21:15
Bumpkin Emblem,0.118,2024-12-01 21:15
Sunflorian Emblem,0.12,2024-12-01 21:15
Nightshade Emblem,0.0825,2024-12-01 21:15
Sunflower,0.001,2024-12-01 21:45
Potato,0.0021,2024-12-01 21:45
Pumpkin,0.002,2024-12-01 21:45
Carrot,0.004,2024-12-01 21:45
Cabbage,0.0042,2024-12-01 21:45
Beetroot,0.0139998,2024-12-01 21:45
Cauliflower,0.0129,2024-12-01 21:45
Parsnip,0.021748,2024-12-01 21:45
Radish,0.06972899,2024-12-01 21:45
Wheat,0.091018,2024-12-01 21:45
Kale,0.07348718,2024-12-01 21:45
Apple,0.0678,2024-12-01 21:45
Blueberry,0.0498,2024-12-01 21:45
Orange,0.06797,2024-12-01 21:45
Eggplant,0.027,2024-12-01 21:45
Corn,0.04,2024-12-01 21:45
Banana,0.0605,2024-12-01 21:45
Soybean,0.0058,2024-12-01 21:45
Grape,0.784,2024-12-01 21:45
Rice,0.79493,2024-12-01 21:45
Olive,1.0,2024-12-01 21:45
Tomato,0.0125,2024-12-01 21:45
Lemon,0.02696667,2024-12-01 21:45
Barley,0.11398,2024-12-01 21:45
Wood,0.032702,2024-12-01 21:45
Stone,0.11,2024-12-01 21:45
Iron,0.55998,2024-12-01 21:45
Gold,1.875,2024-12-01 21:45
Egg,0.03721,2024-12-01 21:45
Honey,0.175725,2024-12-01 21:45
Crimstone,4.11935,2024-12-01 21:45
Leather,0.37776,2024-12-01 21:45
Wool,0.023,2024-12-01 21:45
Merino Wool,0.3799625,2024-12-01 21:45
Feather,0.008,2024-12-01 21:45
Milk,0.42264,2024-12-01 21:45
Goblin Emblem,0.096,2024-12-01 21:45
Bumpkin Emblem,0.118,2024-12-01 21:45
Sunflorian Emblem,0.12,2024-12-01 21:45
Nightshade Emblem,0.0825,2024-12-01 21:45
